State,Year,Crime_Type,Cases,Female_Population,Crime_Rate,Literacy_Rate,Urban_Percent,Unemployment_Rate,Avg_Income,Police_Stations,Conviction_Rate,Reporting_Rate,Population_Density,Latitude,Longitude
Uttar Pradesh,2018,Rape,2185,70682867,3.09,75.95,29.36,4.4,218266,1682,63.31,77.05,230,33.67,89.23
Uttar Pradesh,2018,Domestic Violence,1269,70682867,1.8,75.95,29.36,4.4,218266,1682,63.31,77.05,230,33.67,89.23
Uttar Pradesh,2018,Kidnapping,7449,70682867,10.54,75.95,29.36,4.4,218266,1682,63.31,77.05,230,33.67,89.23
Uttar Pradesh,2018,Harassment,2933,70682867,4.15,75.95,29.36,4.4,218266,1682,63.31,77.05,230,33.67,89.23
Uttar Pradesh,2018,Dowry Deaths,5811,70682867,8.22,75.95,29.36,4.4,218266,1682,63.31,77.05,230,33.67,89.23
Uttar Pradesh,2018,Acid Attack,5551,70682867,7.85,75.95,29.36,4.4,218266,1682,63.31,77.05,230,33.67,89.23
Uttar Pradesh,2018,Cyber Crime,6920,70682867,9.79,75.95,29.36,4.4,218266,1682,63.31,77.05,230,33.67,89.23
Uttar Pradesh,2018,Stalking,1684,70682867,2.38,75.95,29.36,4.4,218266,1682,63.31,77.05,230,33.67,89.23
Uttar Pradesh,2019,Rape,9667,72096524,13.41,65.65,51.49,6.89,180608,674,50.59,56.28,799,33.67,89.23
Uttar Pradesh,2019,Domestic Violence,689,72096524,0.96,65.65,51.49,6.89,180608,674,50.59,56.28,799,33.67,89.23
Uttar Pradesh,2019,Kidnapping,3234,72096524,4.49,65.65,51.49,6.89,180608,674,50.59,56.28,799,33.67,89.23
Uttar Pradesh,2019,Harassment,3505,72096524,4.86,65.65,51.49,6.89,180608,674,50.59,56.28,799,33.67,89.23
Uttar Pradesh,2019,Dowry Deaths,5158,72096524,7.15,65.65,51.49,6.89,180608,674,50.59,56.28,799,33.67,89.23
Uttar Pradesh,2019,Acid Attack,2399,72096524,3.33,65.65,51.49,6.89,180608,674,50.59,56.28,799,33.67,89.23
Uttar Pradesh,2019,Cyber Crime,8234,72096524,11.42,65.65,51.49,6.89,180608,674,50.59,56.28,799,33.67,89.23
Uttar Pradesh,2019,Stalking,1767,72096524,2.45,65.65,51.49,6.89,180608,674,50.59,56.28,799,33.67,89.23
Uttar Pradesh,2020,Rape,8933,73510181,12.15,75.73,22.79,8.47,277348,2414,20.66,92.4,113,33.67,89.23
Uttar Pradesh,2020,Domestic Violence,8013,73510181,10.9,75.73,22.79,8.47,277348,2414,20.66,92.4,113,33.67,89.23
Uttar Pradesh,2020,Kidnapping,3112,73510181,4.23,75.73,22.79,8.47,277348,2414,20.66,92.4,113,33.67,89.23
Uttar Pradesh,2020,Harassment,7541,73510181,10.26,75.73,22.79,8.47,277348,2414,20.66,92.4,113,33.67,89.23
Uttar Pradesh,2020,Dowry Deaths,6735,73510181,9.16,75.73,22.79,8.47,277348,2414,20.66,92.4,113,33.67,89.23
Uttar Pradesh,2020,Acid Attack,5986,73510181,8.14,75.73,22.79,8.47,277348,2414,20.66,92.4,113,33.67,89.23
Uttar Pradesh,2020,Cyber Crime,7599,73510181,10.34,75.73,22.79,8.47,277348,2414,20.66,92.4,113,33.67,89.23
Uttar Pradesh,2020,Stalking,1275,73510181,1.73,75.73,22.79,8.47,277348,2414,20.66,92.4,113,33.67,89.23
Uttar Pradesh,2021,Rape,7373,74923839,9.84,56.2,74.56,5.33,250551,1221,46.0,74.6,802,33.67,89.23
Uttar Pradesh,2021,Domestic Violence,6175,74923839,8.24,56.2,74.56,5.33,250551,1221,46.0,74.6,802,33.67,89.23
Uttar Pradesh,2021,Kidnapping,661,74923839,0.88,56.2,74.56,5.33,250551,1221,46.0,74.6,802,33.67,89.23
Uttar Pradesh,2021,Harassment,4797,74923839,6.4,56.2,74.56,5.33,250551,1221,46.0,74.6,802,33.67,89.23
Uttar Pradesh,2021,Dowry Deaths,1495,74923839,2.0,56.2,74.56,5.33,250551,1221,46.0,74.6,802,33.67,89.23
Uttar Pradesh,2021,Acid Attack,8129,74923839,10.85,56.2,74.56,5.33,250551,1221,46.0,74.6,802,33.67,89.23
Uttar Pradesh,2021,Cyber Crime,9967,74923839,13.3,56.2,74.56,5.33,250551,1221,46.0,74.6,802,33.67,89.23
Uttar Pradesh,2021,Stalking,1516,74923839,2.02,56.2,74.56,5.33,250551,1221,46.0,74.6,802,33.67,89.23
Uttar Pradesh,2022,Rape,9071,76337496,11.88,88.64,70.67,9.73,132798,1276,49.34,93.44,287,33.67,89.23
Uttar Pradesh,2022,Domestic Violence,9184,76337496,12.03,88.64,70.67,9.73,132798,1276,49.34,93.44,287,33.67,89.23
Uttar Pradesh,2022,Kidnapping,7708,76337496,10.1,88.64,70.67,9.73,132798,1276,49.34,93.44,287,33.67,89.23
Uttar Pradesh,2022,Harassment,5776,76337496,7.57,88.64,70.67,9.73,132798,1276,49.34,93.44,287,33.67,89.23
Uttar Pradesh,2022,Dowry Deaths,2562,76337496,3.36,88.64,70.67,9.73,132798,1276,49.34,93.44,287,33.67,89.23
Uttar Pradesh,2022,Acid Attack,564,76337496,0.74,88.64,70.67,9.73,132798,1276,49.34,93.44,287,33.67,89.23
Uttar Pradesh,2022,Cyber Crime,8506,76337496,11.14,88.64,70.67,9.73,132798,1276,49.34,93.44,287,33.67,89.23
Uttar Pradesh,2022,Stalking,3068,76337496,4.02,88.64,70.67,9.73,132798,1276,49.34,93.44,287,33.67,89.23
Uttar Pradesh,2023,Rape,6392,77751153,8.22,82.03,31.92,3.05,186330,1722,55.34,82.81,388,33.67,89.23
Uttar Pradesh,2023,Domestic Violence,4061,77751153,5.22,82.03,31.92,3.05,186330,1722,55.34,82.81,388,33.67,89.23
Uttar Pradesh,2023,Kidnapping,6684,77751153,8.6,82.03,31.92,3.05,186330,1722,55.34,82.81,388,33.67,89.23
Uttar Pradesh,2023,Harassment,3599,77751153,4.63,82.03,31.92,3.05,186330,1722,55.34,82.81,388,33.67,89.23
Uttar Pradesh,2023,Dowry Deaths,6778,77751153,8.72,82.03,31.92,3.05,186330,1722,55.34,82.81,388,33.67,89.23
Uttar Pradesh,2023,Acid Attack,8892,77751153,11.44,82.03,31.92,3.05,186330,1722,55.34,82.81,388,33.67,89.23
Uttar Pradesh,2023,Cyber Crime,3604,77751153,4.64,82.03,31.92,3.05,186330,1722,55.34,82.81,388,33.67,89.23
Uttar Pradesh,2023,Stalking,7715,77751153,9.92,82.03,31.92,3.05,186330,1722,55.34,82.81,388,33.67,89.23
Maharashtra,2018,Rape,7410,59079037,12.54,77.31,73.23,7.25,163252,1685,62.45,82.48,602,16.78,89.16
Maharashtra,2018,Domestic Violence,9562,59079037,16.19,77.31,73.23,7.25,163252,1685,62.45,82.48,602,16.78,89.16
Maharashtra,2018,Kidnapping,7438,59079037,12.59,77.31,73.23,7.25,163252,1685,62.45,82.48,602,16.78,89.16
Maharashtra,2018,Harassment,4988,59079037,8.44,77.31,73.23,7.25,163252,1685,62.45,82.48,602,16.78,89.16
Maharashtra,2018,Dowry Deaths,706,59079037,1.2,77.31,73.23,7.25,163252,1685,62.45,82.48,602,16.78,89.16
Maharashtra,2018,Acid Attack,5634,59079037,9.54,77.31,73.23,7.25,163252,1685,62.45,82.48,602,16.78,89.16
Maharashtra,2018,Cyber Crime,6477,59079037,10.96,77.31,73.23,7.25,163252,1685,62.45,82.48,602,16.78,89.16
Maharashtra,2018,Stalking,8221,59079037,13.92,77.31,73.23,7.25,163252,1685,62.45,82.48,602,16.78,89.16
Maharashtra,2019,Rape,8074,60260617,13.4,70.38,32.1,11.06,172096,763,48.16,81.3,584,16.78,89.16
Maharashtra,2019,Domestic Violence,6874,60260617,11.41,70.38,32.1,11.06,172096,763,48.16,81.3,584,16.78,89.16
Maharashtra,2019,Kidnapping,7392,60260617,12.27,70.38,32.1,11.06,172096,763,48.16,81.3,584,16.78,89.16
Maharashtra,2019,Harassment,2178,60260617,3.61,70.38,32.1,11.06,172096,763,48.16,81.3,584,16.78,89.16
Maharashtra,2019,Dowry Deaths,3742,60260617,6.21,70.38,32.1,11.06,172096,763,48.16,81.3,584,16.78,89.16
Maharashtra,2019,Acid Attack,5136,60260617,8.52,70.38,32.1,11.06,172096,763,48.16,81.3,584,16.78,89.16
Maharashtra,2019,Cyber Crime,1559,60260617,2.59,70.38,32.1,11.06,172096,763,48.16,81.3,584,16.78,89.16
Maharashtra,2019,Stalking,7168,60260617,11.89,70.38,32.1,11.06,172096,763,48.16,81.3,584,16.78,89.16
Maharashtra,2020,Rape,4127,61442198,6.72,57.69,37.39,4.45,93585,2929,60.41,78.5,745,16.78,89.16
Maharashtra,2020,Domestic Violence,5950,61442198,9.68,57.69,37.39,4.45,93585,2929,60.41,78.5,745,16.78,89.16
Maharashtra,2020,Kidnapping,2163,61442198,3.52,57.69,37.39,4.45,93585,2929,60.41,78.5,745,16.78,89.16
Maharashtra,2020,Harassment,6092,61442198,9.92,57.69,37.39,4.45,93585,2929,60.41,78.5,745,16.78,89.16
Maharashtra,2020,Dowry Deaths,7892,61442198,12.84,57.69,37.39,4.45,93585,2929,60.41,78.5,745,16.78,89.16
Maharashtra,2020,Acid Attack,1806,61442198,2.94,57.69,37.39,4.45,93585,2929,60.41,78.5,745,16.78,89.16
Maharashtra,2020,Cyber Crime,7276,61442198,11.84,57.69,37.39,4.45,93585,2929,60.41,78.5,745,16.78,89.16
Maharashtra,2020,Stalking,6364,61442198,10.36,57.69,37.39,4.45,93585,2929,60.41,78.5,745,16.78,89.16
Maharashtra,2021,Rape,1791,62623779,2.86,65.67,29.88,7.81,169101,1457,36.88,92.43,541,16.78,89.16
Maharashtra,2021,Domestic Violence,4081,62623779,6.52,65.67,29.88,7.81,169101,1457,36.88,92.43,541,16.78,89.16
Maharashtra,2021,Kidnapping,8054,62623779,12.86,65.67,29.88,7.81,169101,1457,36.88,92.43,541,16.78,89.16
Maharashtra,2021,Harassment,7780,62623779,12.42,65.67,29.88,7.81,169101,1457,36.88,92.43,541,16.78,89.16
Maharashtra,2021,Dowry Deaths,2136,62623779,3.41,65.67,29.88,7.81,169101,1457,36.88,92.43,541,16.78,89.16
Maharashtra,2021,Acid Attack,4196,62623779,6.7,65.67,29.88,7.81,169101,1457,36.88,92.43,541,16.78,89.16
Maharashtra,2021,Cyber Crime,1198,62623779,1.91,65.67,29.88,7.81,169101,1457,36.88,92.43,541,16.78,89.16
Maharashtra,2021,Stalking,5237,62623779,8.36,65.67,29.88,7.81,169101,1457,36.88,92.43,541,16.78,89.16
Maharashtra,2022,Rape,5431,63805359,8.51,69.39,21.98,6.11,105680,1861,27.24,72.03,346,16.78,89.16
Maharashtra,2022,Domestic Violence,4010,63805359,6.28,69.39,21.98,6.11,105680,1861,27.24,72.03,346,16.78,89.16
Maharashtra,2022,Kidnapping,702,63805359,1.1,69.39,21.98,6.11,105680,1861,27.24,72.03,346,16.78,89.16
Maharashtra,2022,Harassment,4718,63805359,7.39,69.39,21.98,6.11,105680,1861,27.24,72.03,346,16.78,89.16
Maharashtra,2022,Dowry Deaths,9458,63805359,14.82,69.39,21.98,6.11,105680,1861,27.24,72.03,346,16.78,89.16
Maharashtra,2022,Acid Attack,4889,63805359,7.66,69.39,21.98,6.11,105680,1861,27.24,72.03,346,16.78,89.16
Maharashtra,2022,Cyber Crime,2827,63805359,4.43,69.39,21.98,6.11,105680,1861,27.24,72.03,346,16.78,89.16
Maharashtra,2022,Stalking,8504,63805359,13.33,69.39,21.98,6.11,105680,1861,27.24,72.03,346,16.78,89.16
Maharashtra,2023,Rape,1159,64986940,1.78,77.13,58.01,7.82,130623,2391,61.77,64.44,563,16.78,89.16
Maharashtra,2023,Domestic Violence,3311,64986940,5.09,77.13,58.01,7.82,130623,2391,61.77,64.44,563,16.78,89.16
Maharashtra,2023,Kidnapping,7598,64986940,11.69,77.13,58.01,7.82,130623,2391,61.77,64.44,563,16.78,89.16
Maharashtra,2023,Harassment,7046,64986940,10.84,77.13,58.01,7.82,130623,2391,61.77,64.44,563,16.78,89.16
Maharashtra,2023,Dowry Deaths,2486,64986940,3.83,77.13,58.01,7.82,130623,2391,61.77,64.44,563,16.78,89.16
Maharashtra,2023,Acid Attack,8838,64986940,13.6,77.13,58.01,7.82,130623,2391,61.77,64.44,563,16.78,89.16
Maharashtra,2023,Cyber Crime,3411,64986940,5.25,77.13,58.01,7.82,130623,2391,61.77,64.44,563,16.78,89.16
Maharashtra,2023,Stalking,2234,64986940,3.44,77.13,58.01,7.82,130623,2391,61.77,64.44,563,16.78,89.16
West Bengal,2018,Rape,6787,82809459,8.2,73.12,70.26,9.08,254728,2720,30.45,74.37,362,33.39,79.53
West Bengal,2018,Domestic Violence,9315,82809459,11.25,73.12,70.26,9.08,254728,2720,30.45,74.37,362,33.39,79.53
West Bengal,2018,Kidnapping,9708,82809459,11.72,73.12,70.26,9.08,254728,2720,30.45,74.37,362,33.39,79.53
West Bengal,2018,Harassment,2549,82809459,3.08,73.12,70.26,9.08,254728,2720,30.45,74.37,362,33.39,79.53
West Bengal,2018,Dowry Deaths,5923,82809459,7.15,73.12,70.26,9.08,254728,2720,30.45,74.37,362,33.39,79.53
West Bengal,2018,Acid Attack,5048,82809459,6.1,73.12,70.26,9.08,254728,2720,30.45,74.37,362,33.39,79.53
West Bengal,2018,Cyber Crime,3608,82809459,4.36,73.12,70.26,9.08,254728,2720,30.45,74.37,362,33.39,79.53
West Bengal,2018,Stalking,7658,82809459,9.25,73.12,70.26,9.08,254728,2720,30.45,74.37,362,33.39,79.53
West Bengal,2019,Rape,2148,84465648,2.54,66.87,40.95,9.53,116690,603,64.35,85.09,727,33.39,79.53
West Bengal,2019,Domestic Violence,6039,84465648,7.15,66.87,40.95,9.53,116690,603,64.35,85.09,727,33.39,79.53
West Bengal,2019,Kidnapping,4699,84465648,5.56,66.87,40.95,9.53,116690,603,64.35,85.09,727,33.39,79.53
West Bengal,2019,Harassment,8945,84465648,10.59,66.87,40.95,9.53,116690,603,64.35,85.09,727,33.39,79.53
West Bengal,2019,Dowry Deaths,3057,84465648,3.62,66.87,40.95,9.53,116690,603,64.35,85.09,727,33.39,79.53
West Bengal,2019,Acid Attack,6092,84465648,7.21,66.87,40.95,9.53,116690,603,64.35,85.09,727,33.39,79.53
West Bengal,2019,Cyber Crime,598,84465648,0.71,66.87,40.95,9.53,116690,603,64.35,85.09,727,33.39,79.53
West Bengal,2019,Stalking,2700,84465648,3.2,66.87,40.95,9.53,116690,603,64.35,85.09,727,33.39,79.53
West Bengal,2020,Rape,4993,86121837,5.8,55.18,29.65,7.94,52869,1156,31.21,82.05,900,33.39,79.53
West Bengal,2020,Domestic Violence,9992,86121837,11.6,55.18,29.65,7.94,52869,1156,31.21,82.05,900,33.39,79.53
West Bengal,2020,Kidnapping,5411,86121837,6.28,55.18,29.65,7.94,52869,1156,31.21,82.05,900,33.39,79.53
West Bengal,2020,Harassment,4487,86121837,5.21,55.18,29.65,7.94,52869,1156,31.21,82.05,900,33.39,79.53
West Bengal,2020,Dowry Deaths,6515,86121837,7.56,55.18,29.65,7.94,52869,1156,31.21,82.05,900,33.39,79.53
West Bengal,2020,Acid Attack,1718,86121837,1.99,55.18,29.65,7.94,52869,1156,31.21,82.05,900,33.39,79.53
West Bengal,2020,Cyber Crime,4996,86121837,5.8,55.18,29.65,7.94,52869,1156,31.21,82.05,900,33.39,79.53
West Bengal,2020,Stalking,5235,86121837,6.08,55.18,29.65,7.94,52869,1156,31.21,82.05,900,33.39,79.53
West Bengal,2021,Rape,6395,87778026,7.29,74.89,25.62,6.31,69830,1245,32.2,93.79,662,33.39,79.53
West Bengal,2021,Domestic Violence,3854,87778026,4.39,74.89,25.62,6.31,69830,1245,32.2,93.79,662,33.39,79.53
West Bengal,2021,Kidnapping,725,87778026,0.83,74.89,25.62,6.31,69830,1245,32.2,93.79,662,33.39,79.53
West Bengal,2021,Harassment,5393,87778026,6.14,74.89,25.62,6.31,69830,1245,32.2,93.79,662,33.39,79.53
West Bengal,2021,Dowry Deaths,7522,87778026,8.57,74.89,25.62,6.31,69830,1245,32.2,93.79,662,33.39,79.53
West Bengal,2021,Acid Attack,9651,87778026,10.99,74.89,25.62,6.31,69830,1245,32.2,93.79,662,33.39,79.53
West Bengal,2021,Cyber Crime,6100,87778026,6.95,74.89,25.62,6.31,69830,1245,32.2,93.79,662,33.39,79.53
West Bengal,2021,Stalking,8496,87778026,9.68,74.89,25.62,6.31,69830,1245,32.2,93.79,662,33.39,79.53
West Bengal,2022,Rape,3944,89434215,4.41,72.47,54.32,9.92,155983,216,69.73,71.15,1169,33.39,79.53
West Bengal,2022,Domestic Violence,1560,89434215,1.74,72.47,54.32,9.92,155983,216,69.73,71.15,1169,33.39,79.53
West Bengal,2022,Kidnapping,2827,89434215,3.16,72.47,54.32,9.92,155983,216,69.73,71.15,1169,33.39,79.53
West Bengal,2022,Harassment,3920,89434215,4.38,72.47,54.32,9.92,155983,216,69.73,71.15,1169,33.39,79.53
West Bengal,2022,Dowry Deaths,801,89434215,0.9,72.47,54.32,9.92,155983,216,69.73,71.15,1169,33.39,79.53
West Bengal,2022,Acid Attack,1106,89434215,1.24,72.47,54.32,9.92,155983,216,69.73,71.15,1169,33.39,79.53
West Bengal,2022,Cyber Crime,3670,89434215,4.1,72.47,54.32,9.92,155983,216,69.73,71.15,1169,33.39,79.53
West Bengal,2022,Stalking,1199,89434215,1.34,72.47,54.32,9.92,155983,216,69.73,71.15,1169,33.39,79.53
West Bengal,2023,Rape,1069,91090404,1.17,84.86,37.67,6.47,56102,1384,35.85,57.63,665,33.39,79.53
West Bengal,2023,Domestic Violence,5942,91090404,6.52,84.86,37.67,6.47,56102,1384,35.85,57.63,665,33.39,79.53
West Bengal,2023,Kidnapping,2395,91090404,2.63,84.86,37.67,6.47,56102,1384,35.85,57.63,665,33.39,79.53
West Bengal,2023,Harassment,3233,91090404,3.55,84.86,37.67,6.47,56102,1384,35.85,57.63,665,33.39,79.53
West Bengal,2023,Dowry Deaths,4363,91090404,4.79,84.86,37.67,6.47,56102,1384,35.85,57.63,665,33.39,79.53
West Bengal,2023,Acid Attack,7955,91090404,8.73,84.86,37.67,6.47,56102,1384,35.85,57.63,665,33.39,79.53
West Bengal,2023,Cyber Crime,4514,91090404,4.96,84.86,37.67,6.47,56102,1384,35.85,57.63,665,33.39,79.53
West Bengal,2023,Stalking,2186,91090404,2.4,84.86,37.67,6.47,56102,1384,35.85,57.63,665,33.39,79.53
Rajasthan,2018,Rape,9216,69785345,13.21,66.29,70.92,4.23,259141,1700,34.83,68.89,1020,14.86,76.56
Rajasthan,2018,Domestic Violence,7471,69785345,10.71,66.29,70.92,4.23,259141,1700,34.83,68.89,1020,14.86,76.56
Rajasthan,2018,Kidnapping,6125,69785345,8.78,66.29,70.92,4.23,259141,1700,34.83,68.89,1020,14.86,76.56
Rajasthan,2018,Harassment,3450,69785345,4.94,66.29,70.92,4.23,259141,1700,34.83,68.89,1020,14.86,76.56
Rajasthan,2018,Dowry Deaths,8492,69785345,12.17,66.29,70.92,4.23,259141,1700,34.83,68.89,1020,14.86,76.56
Rajasthan,2018,Acid Attack,5280,69785345,7.57,66.29,70.92,4.23,259141,1700,34.83,68.89,1020,14.86,76.56
Rajasthan,2018,Cyber Crime,2868,69785345,4.11,66.29,70.92,4.23,259141,1700,34.83,68.89,1020,14.86,76.56
Rajasthan,2018,Stalking,7155,69785345,10.25,66.29,70.92,4.23,259141,1700,34.83,68.89,1020,14.86,76.56
Rajasthan,2019,Rape,4646,71181051,6.53,68.89,23.05,10.98,174046,1315,48.94,69.73,953,14.86,76.56
Rajasthan,2019,Domestic Violence,4269,71181051,6.0,68.89,23.05,10.98,174046,1315,48.94,69.73,953,14.86,76.56
Rajasthan,2019,Kidnapping,1074,71181051,1.51,68.89,23.05,10.98,174046,1315,48.94,69.73,953,14.86,76.56
Rajasthan,2019,Harassment,1648,71181051,2.32,68.89,23.05,10.98,174046,1315,48.94,69.73,953,14.86,76.56
Rajasthan,2019,Dowry Deaths,6793,71181051,9.54,68.89,23.05,10.98,174046,1315,48.94,69.73,953,14.86,76.56
Rajasthan,2019,Acid Attack,6957,71181051,9.77,68.89,23.05,10.98,174046,1315,48.94,69.73,953,14.86,76.56
Rajasthan,2019,Cyber Crime,8009,71181051,11.25,68.89,23.05,10.98,174046,1315,48.94,69.73,953,14.86,76.56
Rajasthan,2019,Stalking,5277,71181051,7.41,68.89,23.05,10.98,174046,1315,48.94,69.73,953,14.86,76.56
Rajasthan,2020,Rape,5722,72576758,7.88,83.79,41.61,4.14,163632,2511,58.5,59.71,104,14.86,76.56
Rajasthan,2020,Domestic Violence,5815,72576758,8.01,83.79,41.61,4.14,163632,2511,58.5,59.71,104,14.86,76.56
Rajasthan,2020,Kidnapping,5369,72576758,7.4,83.79,41.61,4.14,163632,2511,58.5,59.71,104,14.86,76.56
Rajasthan,2020,Harassment,1376,72576758,1.9,83.79,41.61,4.14,163632,2511,58.5,59.71,104,14.86,76.56
Rajasthan,2020,Dowry Deaths,9683,72576758,13.34,83.79,41.61,4.14,163632,2511,58.5,59.71,104,14.86,76.56
Rajasthan,2020,Acid Attack,7527,72576758,10.37,83.79,41.61,4.14,163632,2511,58.5,59.71,104,14.86,76.56
Rajasthan,2020,Cyber Crime,4642,72576758,6.4,83.79,41.61,4.14,163632,2511,58.5,59.71,104,14.86,76.56
Rajasthan,2020,Stalking,7466,72576758,10.29,83.79,41.61,4.14,163632,2511,58.5,59.71,104,14.86,76.56
Rajasthan,2021,Rape,9432,73972465,12.75,59.84,27.96,11.73,292793,1893,22.05,67.95,1181,14.86,76.56
Rajasthan,2021,Domestic Violence,8808,73972465,11.91,59.84,27.96,11.73,292793,1893,22.05,67.95,1181,14.86,76.56
Rajasthan,2021,Kidnapping,6449,73972465,8.72,59.84,27.96,11.73,292793,1893,22.05,67.95,1181,14.86,76.56
Rajasthan,2021,Harassment,3338,73972465,4.51,59.84,27.96,11.73,292793,1893,22.05,67.95,1181,14.86,76.56
Rajasthan,2021,Dowry Deaths,1650,73972465,2.23,59.84,27.96,11.73,292793,1893,22.05,67.95,1181,14.86,76.56
Rajasthan,2021,Acid Attack,8060,73972465,10.9,59.84,27.96,11.73,292793,1893,22.05,67.95,1181,14.86,76.56
Rajasthan,2021,Cyber Crime,2431,73972465,3.29,59.84,27.96,11.73,292793,1893,22.05,67.95,1181,14.86,76.56
Rajasthan,2021,Stalking,9704,73972465,13.12,59.84,27.96,11.73,292793,1893,22.05,67.95,1181,14.86,76.56
Rajasthan,2022,Rape,3843,75368172,5.1,57.04,74.91,6.98,227247,1341,55.73,79.71,996,14.86,76.56
Rajasthan,2022,Domestic Violence,4570,75368172,6.06,57.04,74.91,6.98,227247,1341,55.73,79.71,996,14.86,76.56
Rajasthan,2022,Kidnapping,1080,75368172,1.43,57.04,74.91,6.98,227247,1341,55.73,79.71,996,14.86,76.56
Rajasthan,2022,Harassment,7504,75368172,9.96,57.04,74.91,6.98,227247,1341,55.73,79.71,996,14.86,76.56
Rajasthan,2022,Dowry Deaths,8630,75368172,11.45,57.04,74.91,6.98,227247,1341,55.73,79.71,996,14.86,76.56
Rajasthan,2022,Acid Attack,3647,75368172,4.84,57.04,74.91,6.98,227247,1341,55.73,79.71,996,14.86,76.56
Rajasthan,2022,Cyber Crime,4749,75368172,6.3,57.04,74.91,6.98,227247,1341,55.73,79.71,996,14.86,76.56
Rajasthan,2022,Stalking,2179,75368172,2.89,57.04,74.91,6.98,227247,1341,55.73,79.71,996,14.86,76.56
Rajasthan,2023,Rape,7117,76763879,9.27,60.55,27.21,6.08,59435,1292,24.71,64.01,1057,14.86,76.56
Rajasthan,2023,Domestic Violence,2979,76763879,3.88,60.55,27.21,6.08,59435,1292,24.71,64.01,1057,14.86,76.56
Rajasthan,2023,Kidnapping,6984,76763879,9.1,60.55,27.21,6.08,59435,1292,24.71,64.01,1057,14.86,76.56
Rajasthan,2023,Harassment,7921,76763879,10.32,60.55,27.21,6.08,59435,1292,24.71,64.01,1057,14.86,76.56
Rajasthan,2023,Dowry Deaths,4952,76763879,6.45,60.55,27.21,6.08,59435,1292,24.71,64.01,1057,14.86,76.56
Rajasthan,2023,Acid Attack,6381,76763879,8.31,60.55,27.21,6.08,59435,1292,24.71,64.01,1057,14.86,76.56
Rajasthan,2023,Cyber Crime,7165,76763879,9.33,60.55,27.21,6.08,59435,1292,24.71,64.01,1057,14.86,76.56
Rajasthan,2023,Stalking,3349,76763879,4.36,60.55,27.21,6.08,59435,1292,24.71,64.01,1057,14.86,76.56
Tamil Nadu,2018,Rape,6803,51787763,13.14,72.61,71.39,8.93,185683,535,52.12,51.19,995,18.11,86.15
Tamil Nadu,2018,Domestic Violence,1351,51787763,2.61,72.61,71.39,8.93,185683,535,52.12,51.19,995,18.11,86.15
Tamil Nadu,2018,Kidnapping,2187,51787763,4.22,72.61,71.39,8.93,185683,535,52.12,51.19,995,18.11,86.15
Tamil Nadu,2018,Harassment,7333,51787763,14.16,72.61,71.39,8.93,185683,535,52.12,51.19,995,18.11,86.15
Tamil Nadu,2018,Dowry Deaths,2927,51787763,5.65,72.61,71.39,8.93,185683,535,52.12,51.19,995,18.11,86.15
Tamil Nadu,2018,Acid Attack,4500,51787763,8.69,72.61,71.39,8.93,185683,535,52.12,51.19,995,18.11,86.15
Tamil Nadu,2018,Cyber Crime,5552,51787763,10.72,72.61,71.39,8.93,185683,535,52.12,51.19,995,18.11,86.15
Tamil Nadu,2018,Stalking,3238,51787763,6.25,72.61,71.39,8.93,185683,535,52.12,51.19,995,18.11,86.15
Tamil Nadu,2019,Rape,9445,52823518,17.88,83.72,57.56,10.38,292855,1266,29.79,53.12,598,18.11,86.15
Tamil Nadu,2019,Domestic Violence,2582,52823518,4.89,83.72,57.56,10.38,292855,1266,29.79,53.12,598,18.11,86.15
Tamil Nadu,2019,Kidnapping,9467,52823518,17.92,83.72,57.56,10.38,292855,1266,29.79,53.12,598,18.11,86.15
Tamil Nadu,2019,Harassment,7248,52823518,13.72,83.72,57.56,10.38,292855,1266,29.79,53.12,598,18.11,86.15
Tamil Nadu,2019,Dowry Deaths,917,52823518,1.74,83.72,57.56,10.38,292855,1266,29.79,53.12,598,18.11,86.15
Tamil Nadu,2019,Acid Attack,8806,52823518,16.67,83.72,57.56,10.38,292855,1266,29.79,53.12,598,18.11,86.15
Tamil Nadu,2019,Cyber Crime,9308,52823518,17.62,83.72,57.56,10.38,292855,1266,29.79,53.12,598,18.11,86.15
Tamil Nadu,2019,Stalking,4474,52823518,8.47,83.72,57.56,10.38,292855,1266,29.79,53.12,598,18.11,86.15
Tamil Nadu,2020,Rape,3467,53859273,6.44,59.14,61.8,8.66,181484,928,60.17,62.69,556,18.11,86.15
Tamil Nadu,2020,Domestic Violence,3286,53859273,6.1,59.14,61.8,8.66,181484,928,60.17,62.69,556,18.11,86.15
Tamil Nadu,2020,Kidnapping,1622,53859273,3.01,59.14,61.8,8.66,181484,928,60.17,62.69,556,18.11,86.15
Tamil Nadu,2020,Harassment,4579,53859273,8.5,59.14,61.8,8.66,181484,928,60.17,62.69,556,18.11,86.15
Tamil Nadu,2020,Dowry Deaths,2071,53859273,3.85,59.14,61.8,8.66,181484,928,60.17,62.69,556,18.11,86.15
Tamil Nadu,2020,Acid Attack,5573,53859273,10.35,59.14,61.8,8.66,181484,928,60.17,62.69,556,18.11,86.15
Tamil Nadu,2020,Cyber Crime,5604,53859273,10.4,59.14,61.8,8.66,181484,928,60.17,62.69,556,18.11,86.15
Tamil Nadu,2020,Stalking,2643,53859273,4.91,59.14,61.8,8.66,181484,928,60.17,62.69,556,18.11,86.15
Tamil Nadu,2021,Rape,9287,54895028,16.92,66.93,75.85,10.73,217280,1748,57.0,60.72,161,18.11,86.15
Tamil Nadu,2021,Domestic Violence,1228,54895028,2.24,66.93,75.85,10.73,217280,1748,57.0,60.72,161,18.11,86.15
Tamil Nadu,2021,Kidnapping,1865,54895028,3.4,66.93,75.85,10.73,217280,1748,57.0,60.72,161,18.11,86.15
Tamil Nadu,2021,Harassment,4992,54895028,9.09,66.93,75.85,10.73,217280,1748,57.0,60.72,161,18.11,86.15
Tamil Nadu,2021,Dowry Deaths,1198,54895028,2.18,66.93,75.85,10.73,217280,1748,57.0,60.72,161,18.11,86.15
Tamil Nadu,2021,Acid Attack,7686,54895028,14.0,66.93,75.85,10.73,217280,1748,57.0,60.72,161,18.11,86.15
Tamil Nadu,2021,Cyber Crime,895,54895028,1.63,66.93,75.85,10.73,217280,1748,57.0,60.72,161,18.11,86.15
Tamil Nadu,2021,Stalking,7900,54895028,14.39,66.93,75.85,10.73,217280,1748,57.0,60.72,161,18.11,86.15
Tamil Nadu,2022,Rape,7766,55930784,13.89,84.65,41.29,11.61,101934,1050,44.65,53.75,1192,18.11,86.15
Tamil Nadu,2022,Domestic Violence,4991,55930784,8.92,84.65,41.29,11.61,101934,1050,44.65,53.75,1192,18.11,86.15
Tamil Nadu,2022,Kidnapping,7692,55930784,13.75,84.65,41.29,11.61,101934,1050,44.65,53.75,1192,18.11,86.15
Tamil Nadu,2022,Harassment,6088,55930784,10.88,84.65,41.29,11.61,101934,1050,44.65,53.75,1192,18.11,86.15
Tamil Nadu,2022,Dowry Deaths,8151,55930784,14.57,84.65,41.29,11.61,101934,1050,44.65,53.75,1192,18.11,86.15
Tamil Nadu,2022,Acid Attack,4136,55930784,7.39,84.65,41.29,11.61,101934,1050,44.65,53.75,1192,18.11,86.15
Tamil Nadu,2022,Cyber Crime,1667,55930784,2.98,84.65,41.29,11.61,101934,1050,44.65,53.75,1192,18.11,86.15
Tamil Nadu,2022,Stalking,1562,55930784,2.79,84.65,41.29,11.61,101934,1050,44.65,53.75,1192,18.11,86.15
Tamil Nadu,2023,Rape,8510,56966539,14.94,58.19,49.67,3.52,176174,833,42.08,89.95,334,18.11,86.15
Tamil Nadu,2023,Domestic Violence,7301,56966539,12.82,58.19,49.67,3.52,176174,833,42.08,89.95,334,18.11,86.15
Tamil Nadu,2023,Kidnapping,5346,56966539,9.38,58.19,49.67,3.52,176174,833,42.08,89.95,334,18.11,86.15
Tamil Nadu,2023,Harassment,7231,56966539,12.69,58.19,49.67,3.52,176174,833,42.08,89.95,334,18.11,86.15
Tamil Nadu,2023,Dowry Deaths,7741,56966539,13.59,58.19,49.67,3.52,176174,833,42.08,89.95,334,18.11,86.15
Tamil Nadu,2023,Acid Attack,1453,56966539,2.55,58.19,49.67,3.52,176174,833,42.08,89.95,334,18.11,86.15
Tamil Nadu,2023,Cyber Crime,3039,56966539,5.33,58.19,49.67,3.52,176174,833,42.08,89.95,334,18.11,86.15
Tamil Nadu,2023,Stalking,7556,56966539,13.26,58.19,49.67,3.52,176174,833,42.08,89.95,334,18.11,86.15
Karnataka,2018,Rape,9202,36665404,25.1,62.79,43.8,11.03,264532,2276,24.24,94.4,599,30.64,80.36
Karnataka,2018,Domestic Violence,7994,36665404,21.8,62.79,43.8,11.03,264532,2276,24.24,94.4,599,30.64,80.36
Karnataka,2018,Kidnapping,4812,36665404,13.12,62.79,43.8,11.03,264532,2276,24.24,94.4,599,30.64,80.36
Karnataka,2018,Harassment,1824,36665404,4.97,62.79,43.8,11.03,264532,2276,24.24,94.4,599,30.64,80.36
Karnataka,2018,Dowry Deaths,9847,36665404,26.86,62.79,43.8,11.03,264532,2276,24.24,94.4,599,30.64,80.36
Karnataka,2018,Acid Attack,3641,36665404,9.93,62.79,43.8,11.03,264532,2276,24.24,94.4,599,30.64,80.36
Karnataka,2018,Cyber Crime,7919,36665404,21.6,62.79,43.8,11.03,264532,2276,24.24,94.4,599,30.64,80.36
Karnataka,2018,Stalking,3986,36665404,10.87,62.79,43.8,11.03,264532,2276,24.24,94.4,599,30.64,80.36
Karnataka,2019,Rape,5248,37398712,14.03,71.86,42.68,9.35,75289,2081,36.51,69.55,272,30.64,80.36
Karnataka,2019,Domestic Violence,5349,37398712,14.3,71.86,42.68,9.35,75289,2081,36.51,69.55,272,30.64,80.36
Karnataka,2019,Kidnapping,9935,37398712,26.57,71.86,42.68,9.35,75289,2081,36.51,69.55,272,30.64,80.36
Karnataka,2019,Harassment,4209,37398712,11.25,71.86,42.68,9.35,75289,2081,36.51,69.55,272,30.64,80.36
Karnataka,2019,Dowry Deaths,9773,37398712,26.13,71.86,42.68,9.35,75289,2081,36.51,69.55,272,30.64,80.36
Karnataka,2019,Acid Attack,7119,37398712,19.04,71.86,42.68,9.35,75289,2081,36.51,69.55,272,30.64,80.36
Karnataka,2019,Cyber Crime,9147,37398712,24.46,71.86,42.68,9.35,75289,2081,36.51,69.55,272,30.64,80.36
Karnataka,2019,Stalking,9586,37398712,25.63,71.86,42.68,9.35,75289,2081,36.51,69.55,272,30.64,80.36
Karnataka,2020,Rape,1428,38132020,3.74,77.72,64.76,8.25,111629,704,38.74,62.86,923,30.64,80.36
Karnataka,2020,Domestic Violence,5529,38132020,14.5,77.72,64.76,8.25,111629,704,38.74,62.86,923,30.64,80.36
Karnataka,2020,Kidnapping,633,38132020,1.66,77.72,64.76,8.25,111629,704,38.74,62.86,923,30.64,80.36
Karnataka,2020,Harassment,2605,38132020,6.83,77.72,64.76,8.25,111629,704,38.74,62.86,923,30.64,80.36
Karnataka,2020,Dowry Deaths,4127,38132020,10.82,77.72,64.76,8.25,111629,704,38.74,62.86,923,30.64,80.36
Karnataka,2020,Acid Attack,6816,38132020,17.87,77.72,64.76,8.25,111629,704,38.74,62.86,923,30.64,80.36
Karnataka,2020,Cyber Crime,2352,38132020,6.17,77.72,64.76,8.25,111629,704,38.74,62.86,923,30.64,80.36
Karnataka,2020,Stalking,5410,38132020,14.19,77.72,64.76,8.25,111629,704,38.74,62.86,923,30.64,80.36
Karnataka,2021,Rape,1756,38865328,4.52,86.19,51.66,11.94,71732,1899,47.69,93.62,146,30.64,80.36
Karnataka,2021,Domestic Violence,3876,38865328,9.97,86.19,51.66,11.94,71732,1899,47.69,93.62,146,30.64,80.36
Karnataka,2021,Kidnapping,6145,38865328,15.81,86.19,51.66,11.94,71732,1899,47.69,93.62,146,30.64,80.36
Karnataka,2021,Harassment,3986,38865328,10.26,86.19,51.66,11.94,71732,1899,47.69,93.62,146,30.64,80.36
Karnataka,2021,Dowry Deaths,4084,38865328,10.51,86.19,51.66,11.94,71732,1899,47.69,93.62,146,30.64,80.36
Karnataka,2021,Acid Attack,8553,38865328,22.01,86.19,51.66,11.94,71732,1899,47.69,93.62,146,30.64,80.36
Karnataka,2021,Cyber Crime,3830,38865328,9.85,86.19,51.66,11.94,71732,1899,47.69,93.62,146,30.64,80.36
Karnataka,2021,Stalking,3203,38865328,8.24,86.19,51.66,11.94,71732,1899,47.69,93.62,146,30.64,80.36
Karnataka,2022,Rape,9837,39598636,24.84,80.8,74.92,11.63,61023,1167,39.73,54.8,472,30.64,80.36
Karnataka,2022,Domestic Violence,7319,39598636,18.48,80.8,74.92,11.63,61023,1167,39.73,54.8,472,30.64,80.36
Karnataka,2022,Kidnapping,4219,39598636,10.65,80.8,74.92,11.63,61023,1167,39.73,54.8,472,30.64,80.36
Karnataka,2022,Harassment,3245,39598636,8.19,80.8,74.92,11.63,61023,1167,39.73,54.8,472,30.64,80.36
Karnataka,2022,Dowry Deaths,7983,39598636,20.16,80.8,74.92,11.63,61023,1167,39.73,54.8,472,30.64,80.36
Karnataka,2022,Acid Attack,1039,39598636,2.62,80.8,74.92,11.63,61023,1167,39.73,54.8,472,30.64,80.36
Karnataka,2022,Cyber Crime,5464,39598636,13.8,80.8,74.92,11.63,61023,1167,39.73,54.8,472,30.64,80.36
Karnataka,2022,Stalking,5335,39598636,13.47,80.8,74.92,11.63,61023,1167,39.73,54.8,472,30.64,80.36
Karnataka,2023,Rape,2081,40331944,5.16,89.52,61.89,7.82,128752,2236,60.69,80.81,1024,30.64,80.36
Karnataka,2023,Domestic Violence,8214,40331944,20.37,89.52,61.89,7.82,128752,2236,60.69,80.81,1024,30.64,80.36
Karnataka,2023,Kidnapping,3824,40331944,9.48,89.52,61.89,7.82,128752,2236,60.69,80.81,1024,30.64,80.36
Karnataka,2023,Harassment,6213,40331944,15.4,89.52,61.89,7.82,128752,2236,60.69,80.81,1024,30.64,80.36
Karnataka,2023,Dowry Deaths,7526,40331944,18.66,89.52,61.89,7.82,128752,2236,60.69,80.81,1024,30.64,80.36
Karnataka,2023,Acid Attack,755,40331944,1.87,89.52,61.89,7.82,128752,2236,60.69,80.81,1024,30.64,80.36
Karnataka,2023,Cyber Crime,5304,40331944,13.15,89.52,61.89,7.82,128752,2236,60.69,80.81,1024,30.64,80.36
Karnataka,2023,Stalking,2338,40331944,5.8,89.52,61.89,7.82,128752,2236,60.69,80.81,1024,30.64,80.36
Madhya Pradesh,2018,Rape,7949,60519128,13.13,85.31,22.71,3.24,111813,2393,69.36,56.77,952,19.29,95.05
Madhya Pradesh,2018,Domestic Violence,4658,60519128,7.7,85.31,22.71,3.24,111813,2393,69.36,56.77,952,19.29,95.05
Madhya Pradesh,2018,Kidnapping,4425,60519128,7.31,85.31,22.71,3.24,111813,2393,69.36,56.77,952,19.29,95.05
Madhya Pradesh,2018,Harassment,7470,60519128,12.34,85.31,22.71,3.24,111813,2393,69.36,56.77,952,19.29,95.05
Madhya Pradesh,2018,Dowry Deaths,7438,60519128,12.29,85.31,22.71,3.24,111813,2393,69.36,56.77,952,19.29,95.05
Madhya Pradesh,2018,Acid Attack,5284,60519128,8.73,85.31,22.71,3.24,111813,2393,69.36,56.77,952,19.29,95.05
Madhya Pradesh,2018,Cyber Crime,4500,60519128,7.44,85.31,22.71,3.24,111813,2393,69.36,56.77,952,19.29,95.05
Madhya Pradesh,2018,Stalking,2133,60519128,3.52,85.31,22.71,3.24,111813,2393,69.36,56.77,952,19.29,95.05
Madhya Pradesh,2019,Rape,1960,61729510,3.18,56.29,28.03,3.12,228998,717,54.59,74.05,870,19.29,95.05
Madhya Pradesh,2019,Domestic Violence,7690,61729510,12.46,56.29,28.03,3.12,228998,717,54.59,74.05,870,19.29,95.05
Madhya Pradesh,2019,Kidnapping,7640,61729510,12.38,56.29,28.03,3.12,228998,717,54.59,74.05,870,19.29,95.05
Madhya Pradesh,2019,Harassment,4136,61729510,6.7,56.29,28.03,3.12,228998,717,54.59,74.05,870,19.29,95.05
Madhya Pradesh,2019,Dowry Deaths,5309,61729510,8.6,56.29,28.03,3.12,228998,717,54.59,74.05,870,19.29,95.05
Madhya Pradesh,2019,Acid Attack,4678,61729510,7.58,56.29,28.03,3.12,228998,717,54.59,74.05,870,19.29,95.05
Madhya Pradesh,2019,Cyber Crime,7745,61729510,12.55,56.29,28.03,3.12,228998,717,54.59,74.05,870,19.29,95.05
Madhya Pradesh,2019,Stalking,7100,61729510,11.5,56.29,28.03,3.12,228998,717,54.59,74.05,870,19.29,95.05
Madhya Pradesh,2020,Rape,7739,62939893,12.3,59.52,77.24,8.46,71949,648,53.59,77.82,194,19.29,95.05
Madhya Pradesh,2020,Domestic Violence,749,62939893,1.19,59.52,77.24,8.46,71949,648,53.59,77.82,194,19.29,95.05
Madhya Pradesh,2020,Kidnapping,9365,62939893,14.88,59.52,77.24,8.46,71949,648,53.59,77.82,194,19.29,95.05
Madhya Pradesh,2020,Harassment,1270,62939893,2.02,59.52,77.24,8.46,71949,648,53.59,77.82,194,19.29,95.05
Madhya Pradesh,2020,Dowry Deaths,4863,62939893,7.73,59.52,77.24,8.46,71949,648,53.59,77.82,194,19.29,95.05
Madhya Pradesh,2020,Acid Attack,1577,62939893,2.51,59.52,77.24,8.46,71949,648,53.59,77.82,194,19.29,95.05
Madhya Pradesh,2020,Cyber Crime,8927,62939893,14.18,59.52,77.24,8.46,71949,648,53.59,77.82,194,19.29,95.05
Madhya Pradesh,2020,Stalking,9080,62939893,14.43,59.52,77.24,8.46,71949,648,53.59,77.82,194,19.29,95.05
Madhya Pradesh,2021,Rape,7381,64150275,11.51,58.09,67.51,8.31,69198,1452,51.02,81.68,534,19.29,95.05
Madhya Pradesh,2021,Domestic Violence,7449,64150275,11.61,58.09,67.51,8.31,69198,1452,51.02,81.68,534,19.29,95.05
Madhya Pradesh,2021,Kidnapping,6741,64150275,10.51,58.09,67.51,8.31,69198,1452,51.02,81.68,534,19.29,95.05
Madhya Pradesh,2021,Harassment,8517,64150275,13.28,58.09,67.51,8.31,69198,1452,51.02,81.68,534,19.29,95.05
Madhya Pradesh,2021,Dowry Deaths,7441,64150275,11.6,58.09,67.51,8.31,69198,1452,51.02,81.68,534,19.29,95.05
Madhya Pradesh,2021,Acid Attack,7502,64150275,11.69,58.09,67.51,8.31,69198,1452,51.02,81.68,534,19.29,95.05
Madhya Pradesh,2021,Cyber Crime,1831,64150275,2.85,58.09,67.51,8.31,69198,1452,51.02,81.68,534,19.29,95.05
Madhya Pradesh,2021,Stalking,4761,64150275,7.42,58.09,67.51,8.31,69198,1452,51.02,81.68,534,19.29,95.05
Madhya Pradesh,2022,Rape,3972,65360658,6.08,70.78,74.63,5.68,233401,2328,67.48,56.62,283,19.29,95.05
Madhya Pradesh,2022,Domestic Violence,5949,65360658,9.1,70.78,74.63,5.68,233401,2328,67.48,56.62,283,19.29,95.05
Madhya Pradesh,2022,Kidnapping,3332,65360658,5.1,70.78,74.63,5.68,233401,2328,67.48,56.62,283,19.29,95.05
Madhya Pradesh,2022,Harassment,4079,65360658,6.24,70.78,74.63,5.68,233401,2328,67.48,56.62,283,19.29,95.05
Madhya Pradesh,2022,Dowry Deaths,6471,65360658,9.9,70.78,74.63,5.68,233401,2328,67.48,56.62,283,19.29,95.05
Madhya Pradesh,2022,Acid Attack,4664,65360658,7.14,70.78,74.63,5.68,233401,2328,67.48,56.62,283,19.29,95.05
Madhya Pradesh,2022,Cyber Crime,8441,65360658,12.91,70.78,74.63,5.68,233401,2328,67.48,56.62,283,19.29,95.05
Madhya Pradesh,2022,Stalking,6069,65360658,9.29,70.78,74.63,5.68,233401,2328,67.48,56.62,283,19.29,95.05
Madhya Pradesh,2023,Rape,6590,66571040,9.9,66.51,58.0,5.16,297666,2358,26.44,55.76,194,19.29,95.05
Madhya Pradesh,2023,Domestic Violence,6531,66571040,9.81,66.51,58.0,5.16,297666,2358,26.44,55.76,194,19.29,95.05
Madhya Pradesh,2023,Kidnapping,8187,66571040,12.3,66.51,58.0,5.16,297666,2358,26.44,55.76,194,19.29,95.05
Madhya Pradesh,2023,Harassment,9591,66571040,14.41,66.51,58.0,5.16,297666,2358,26.44,55.76,194,19.29,95.05
Madhya Pradesh,2023,Dowry Deaths,8972,66571040,13.48,66.51,58.0,5.16,297666,2358,26.44,55.76,194,19.29,95.05
Madhya Pradesh,2023,Acid Attack,2387,66571040,3.59,66.51,58.0,5.16,297666,2358,26.44,55.76,194,19.29,95.05
Madhya Pradesh,2023,Cyber Crime,3766,66571040,5.66,66.51,58.0,5.16,297666,2358,26.44,55.76,194,19.29,95.05
Madhya Pradesh,2023,Stalking,1166,66571040,1.75,66.51,58.0,5.16,297666,2358,26.44,55.76,194,19.29,95.05
Bihar,2018,Rape,1023,53566364,1.91,62.83,69.31,6.11,153081,2781,24.44,55.43,332,34.27,85.46
Bihar,2018,Domestic Violence,2893,53566364,5.4,62.83,69.31,6.11,153081,2781,24.44,55.43,332,34.27,85.46
Bihar,2018,Kidnapping,3093,53566364,5.77,62.83,69.31,6.11,153081,2781,24.44,55.43,332,34.27,85.46
Bihar,2018,Harassment,7740,53566364,14.45,62.83,69.31,6.11,153081,2781,24.44,55.43,332,34.27,85.46
Bihar,2018,Dowry Deaths,7437,53566364,13.88,62.83,69.31,6.11,153081,2781,24.44,55.43,332,34.27,85.46
Bihar,2018,Acid Attack,6690,53566364,12.49,62.83,69.31,6.11,153081,2781,24.44,55.43,332,34.27,85.46
Bihar,2018,Cyber Crime,5740,53566364,10.72,62.83,69.31,6.11,153081,2781,24.44,55.43,332,34.27,85.46
Bihar,2018,Stalking,6993,53566364,13.05,62.83,69.31,6.11,153081,2781,24.44,55.43,332,34.27,85.46
Bihar,2019,Rape,802,54637691,1.47,60.49,42.64,3.02,114291,1480,24.23,76.88,818,34.27,85.46
Bihar,2019,Domestic Violence,1138,54637691,2.08,60.49,42.64,3.02,114291,1480,24.23,76.88,818,34.27,85.46
Bihar,2019,Kidnapping,555,54637691,1.02,60.49,42.64,3.02,114291,1480,24.23,76.88,818,34.27,85.46
Bihar,2019,Harassment,9217,54637691,16.87,60.49,42.64,3.02,114291,1480,24.23,76.88,818,34.27,85.46
Bihar,2019,Dowry Deaths,8650,54637691,15.83,60.49,42.64,3.02,114291,1480,24.23,76.88,818,34.27,85.46
Bihar,2019,Acid Attack,2625,54637691,4.8,60.49,42.64,3.02,114291,1480,24.23,76.88,818,34.27,85.46
Bihar,2019,Cyber Crime,864,54637691,1.58,60.49,42.64,3.02,114291,1480,24.23,76.88,818,34.27,85.46
Bihar,2019,Stalking,7309,54637691,13.38,60.49,42.64,3.02,114291,1480,24.23,76.88,818,34.27,85.46
Bihar,2020,Rape,7382,55709018,13.25,56.28,35.15,9.42,68030,1118,45.58,73.95,905,34.27,85.46
Bihar,2020,Domestic Violence,2406,55709018,4.32,56.28,35.15,9.42,68030,1118,45.58,73.95,905,34.27,85.46
Bihar,2020,Kidnapping,3586,55709018,6.44,56.28,35.15,9.42,68030,1118,45.58,73.95,905,34.27,85.46
Bihar,2020,Harassment,8652,55709018,15.53,56.28,35.15,9.42,68030,1118,45.58,73.95,905,34.27,85.46
Bihar,2020,Dowry Deaths,6250,55709018,11.22,56.28,35.15,9.42,68030,1118,45.58,73.95,905,34.27,85.46
Bihar,2020,Acid Attack,9405,55709018,16.88,56.28,35.15,9.42,68030,1118,45.58,73.95,905,34.27,85.46
Bihar,2020,Cyber Crime,1562,55709018,2.8,56.28,35.15,9.42,68030,1118,45.58,73.95,905,34.27,85.46
Bihar,2020,Stalking,2476,55709018,4.44,56.28,35.15,9.42,68030,1118,45.58,73.95,905,34.27,85.46
Bihar,2021,Rape,732,56780345,1.29,84.42,25.35,7.82,54632,2392,37.15,71.33,166,34.27,85.46
Bihar,2021,Domestic Violence,9861,56780345,17.37,84.42,25.35,7.82,54632,2392,37.15,71.33,166,34.27,85.46
Bihar,2021,Kidnapping,6871,56780345,12.1,84.42,25.35,7.82,54632,2392,37.15,71.33,166,34.27,85.46
Bihar,2021,Harassment,4706,56780345,8.29,84.42,25.35,7.82,54632,2392,37.15,71.33,166,34.27,85.46
Bihar,2021,Dowry Deaths,8443,56780345,14.87,84.42,25.35,7.82,54632,2392,37.15,71.33,166,34.27,85.46
Bihar,2021,Acid Attack,7391,56780345,13.02,84.42,25.35,7.82,54632,2392,37.15,71.33,166,34.27,85.46
Bihar,2021,Cyber Crime,7238,56780345,12.75,84.42,25.35,7.82,54632,2392,37.15,71.33,166,34.27,85.46
Bihar,2021,Stalking,2972,56780345,5.23,84.42,25.35,7.82,54632,2392,37.15,71.33,166,34.27,85.46
Bihar,2022,Rape,2233,57851673,3.86,66.81,73.98,8.47,176394,2175,44.91,64.87,761,34.27,85.46
Bihar,2022,Domestic Violence,2105,57851673,3.64,66.81,73.98,8.47,176394,2175,44.91,64.87,761,34.27,85.46
Bihar,2022,Kidnapping,6122,57851673,10.58,66.81,73.98,8.47,176394,2175,44.91,64.87,761,34.27,85.46
Bihar,2022,Harassment,7267,57851673,12.56,66.81,73.98,8.47,176394,2175,44.91,64.87,761,34.27,85.46
Bihar,2022,Dowry Deaths,7486,57851673,12.94,66.81,73.98,8.47,176394,2175,44.91,64.87,761,34.27,85.46
Bihar,2022,Acid Attack,4017,57851673,6.94,66.81,73.98,8.47,176394,2175,44.91,64.87,761,34.27,85.46
Bihar,2022,Cyber Crime,4235,57851673,7.32,66.81,73.98,8.47,176394,2175,44.91,64.87,761,34.27,85.46
Bihar,2022,Stalking,9852,57851673,17.03,66.81,73.98,8.47,176394,2175,44.91,64.87,761,34.27,85.46
Bihar,2023,Rape,8695,58923000,14.76,57.81,51.47,6.69,126323,1119,25.6,67.9,174,34.27,85.46
Bihar,2023,Domestic Violence,6466,58923000,10.97,57.81,51.47,6.69,126323,1119,25.6,67.9,174,34.27,85.46
Bihar,2023,Kidnapping,9337,58923000,15.85,57.81,51.47,6.69,126323,1119,25.6,67.9,174,34.27,85.46
Bihar,2023,Harassment,617,58923000,1.05,57.81,51.47,6.69,126323,1119,25.6,67.9,174,34.27,85.46
Bihar,2023,Dowry Deaths,3051,58923000,5.18,57.81,51.47,6.69,126323,1119,25.6,67.9,174,34.27,85.46
Bihar,2023,Acid Attack,6060,58923000,10.28,57.81,51.47,6.69,126323,1119,25.6,67.9,174,34.27,85.46
Bihar,2023,Cyber Crime,4789,58923000,8.13,57.81,51.47,6.69,126323,1119,25.6,67.9,174,34.27,85.46
Bihar,2023,Stalking,1346,58923000,2.28,57.81,51.47,6.69,126323,1119,25.6,67.9,174,34.27,85.46
Gujarat,2018,Rape,2548,21263882,11.98,81.93,31.22,5.91,141922,923,45.38,60.91,658,23.43,76.12
Gujarat,2018,Domestic Violence,6733,21263882,31.66,81.93,31.22,5.91,141922,923,45.38,60.91,658,23.43,76.12
Gujarat,2018,Kidnapping,2328,21263882,10.95,81.93,31.22,5.91,141922,923,45.38,60.91,658,23.43,76.12
Gujarat,2018,Harassment,2417,21263882,11.37,81.93,31.22,5.91,141922,923,45.38,60.91,658,23.43,76.12
Gujarat,2018,Dowry Deaths,4734,21263882,22.26,81.93,31.22,5.91,141922,923,45.38,60.91,658,23.43,76.12
Gujarat,2018,Acid Attack,7488,21263882,35.21,81.93,31.22,5.91,141922,923,45.38,60.91,658,23.43,76.12
Gujarat,2018,Cyber Crime,2526,21263882,11.88,81.93,31.22,5.91,141922,923,45.38,60.91,658,23.43,76.12
Gujarat,2018,Stalking,4244,21263882,19.96,81.93,31.22,5.91,141922,923,45.38,60.91,658,23.43,76.12
Gujarat,2019,Rape,1842,21689159,8.49,67.92,47.26,7.94,190937,2419,30.09,80.81,420,23.43,76.12
Gujarat,2019,Domestic Violence,3332,21689159,15.36,67.92,47.26,7.94,190937,2419,30.09,80.81,420,23.43,76.12
Gujarat,2019,Kidnapping,3324,21689159,15.33,67.92,47.26,7.94,190937,2419,30.09,80.81,420,23.43,76.12
Gujarat,2019,Harassment,2494,21689159,11.5,67.92,47.26,7.94,190937,2419,30.09,80.81,420,23.43,76.12
Gujarat,2019,Dowry Deaths,3990,21689159,18.4,67.92,47.26,7.94,190937,2419,30.09,80.81,420,23.43,76.12
Gujarat,2019,Acid Attack,9810,21689159,45.23,67.92,47.26,7.94,190937,2419,30.09,80.81,420,23.43,76.12
Gujarat,2019,Cyber Crime,8484,21689159,39.12,67.92,47.26,7.94,190937,2419,30.09,80.81,420,23.43,76.12
Gujarat,2019,Stalking,2104,21689159,9.7,67.92,47.26,7.94,190937,2419,30.09,80.81,420,23.43,76.12
Gujarat,2020,Rape,5915,22114437,26.75,84.07,77.9,4.12,189639,1360,30.25,67.07,612,23.43,76.12
Gujarat,2020,Domestic Violence,3891,22114437,17.59,84.07,77.9,4.12,189639,1360,30.25,67.07,612,23.43,76.12
Gujarat,2020,Kidnapping,6451,22114437,29.17,84.07,77.9,4.12,189639,1360,30.25,67.07,612,23.43,76.12
Gujarat,2020,Harassment,5968,22114437,26.99,84.07,77.9,4.12,189639,1360,30.25,67.07,612,23.43,76.12
Gujarat,2020,Dowry Deaths,8507,22114437,38.47,84.07,77.9,4.12,189639,1360,30.25,67.07,612,23.43,76.12
Gujarat,2020,Acid Attack,9564,22114437,43.25,84.07,77.9,4.12,189639,1360,30.25,67.07,612,23.43,76.12
Gujarat,2020,Cyber Crime,9944,22114437,44.97,84.07,77.9,4.12,189639,1360,30.25,67.07,612,23.43,76.12
Gujarat,2020,Stalking,6913,22114437,31.26,84.07,77.9,4.12,189639,1360,30.25,67.07,612,23.43,76.12
Gujarat,2021,Rape,2636,22539714,11.69,82.98,69.51,4.68,200354,277,46.15,66.15,1165,23.43,76.12
Gujarat,2021,Domestic Violence,7443,22539714,33.02,82.98,69.51,4.68,200354,277,46.15,66.15,1165,23.43,76.12
Gujarat,2021,Kidnapping,8304,22539714,36.84,82.98,69.51,4.68,200354,277,46.15,66.15,1165,23.43,76.12
Gujarat,2021,Harassment,7065,22539714,31.34,82.98,69.51,4.68,200354,277,46.15,66.15,1165,23.43,76.12
Gujarat,2021,Dowry Deaths,6484,22539714,28.77,82.98,69.51,4.68,200354,277,46.15,66.15,1165,23.43,76.12
Gujarat,2021,Acid Attack,5642,22539714,25.03,82.98,69.51,4.68,200354,277,46.15,66.15,1165,23.43,76.12
Gujarat,2021,Cyber Crime,5170,22539714,22.94,82.98,69.51,4.68,200354,277,46.15,66.15,1165,23.43,76.12
Gujarat,2021,Stalking,2690,22539714,11.93,82.98,69.51,4.68,200354,277,46.15,66.15,1165,23.43,76.12
Gujarat,2022,Rape,2470,22964992,10.76,75.21,41.32,6.52,299793,2197,23.33,60.31,1162,23.43,76.12
Gujarat,2022,Domestic Violence,8889,22964992,38.71,75.21,41.32,6.52,299793,2197,23.33,60.31,1162,23.43,76.12
Gujarat,2022,Kidnapping,6265,22964992,27.28,75.21,41.32,6.52,299793,2197,23.33,60.31,1162,23.43,76.12
Gujarat,2022,Harassment,1702,22964992,7.41,75.21,41.32,6.52,299793,2197,23.33,60.31,1162,23.43,76.12
Gujarat,2022,Dowry Deaths,8635,22964992,37.6,75.21,41.32,6.52,299793,2197,23.33,60.31,1162,23.43,76.12
Gujarat,2022,Acid Attack,6067,22964992,26.42,75.21,41.32,6.52,299793,2197,23.33,60.31,1162,23.43,76.12
Gujarat,2022,Cyber Crime,8167,22964992,35.56,75.21,41.32,6.52,299793,2197,23.33,60.31,1162,23.43,76.12
Gujarat,2022,Stalking,6242,22964992,27.18,75.21,41.32,6.52,299793,2197,23.33,60.31,1162,23.43,76.12
Gujarat,2023,Rape,1450,23390270,6.2,76.7,52.01,11.05,148723,2404,27.58,64.03,1096,23.43,76.12
Gujarat,2023,Domestic Violence,2836,23390270,12.12,76.7,52.01,11.05,148723,2404,27.58,64.03,1096,23.43,76.12
Gujarat,2023,Kidnapping,5873,23390270,25.11,76.7,52.01,11.05,148723,2404,27.58,64.03,1096,23.43,76.12
Gujarat,2023,Harassment,2743,23390270,11.73,76.7,52.01,11.05,148723,2404,27.58,64.03,1096,23.43,76.12
Gujarat,2023,Dowry Deaths,3145,23390270,13.45,76.7,52.01,11.05,148723,2404,27.58,64.03,1096,23.43,76.12
Gujarat,2023,Acid Attack,5112,23390270,21.86,76.7,52.01,11.05,148723,2404,27.58,64.03,1096,23.43,76.12
Gujarat,2023,Cyber Crime,2365,23390270,10.11,76.7,52.01,11.05,148723,2404,27.58,64.03,1096,23.43,76.12
Gujarat,2023,Stalking,6528,23390270,27.91,76.7,52.01,11.05,148723,2404,27.58,64.03,1096,23.43,76.12
Andhra Pradesh,2018,Rape,3174,77506526,4.1,76.14,50.14,7.86,176108,2294,40.45,84.73,194,18.23,81.25
Andhra Pradesh,2018,Domestic Violence,7398,77506526,9.55,76.14,50.14,7.86,176108,2294,40.45,84.73,194,18.23,81.25
Andhra Pradesh,2018,Kidnapping,1293,77506526,1.67,76.14,50.14,7.86,176108,2294,40.45,84.73,194,18.23,81.25
Andhra Pradesh,2018,Harassment,2616,77506526,3.38,76.14,50.14,7.86,176108,2294,40.45,84.73,194,18.23,81.25
Andhra Pradesh,2018,Dowry Deaths,6279,77506526,8.1,76.14,50.14,7.86,176108,2294,40.45,84.73,194,18.23,81.25
Andhra Pradesh,2018,Acid Attack,6666,77506526,8.6,76.14,50.14,7.86,176108,2294,40.45,84.73,194,18.23,81.25
Andhra Pradesh,2018,Cyber Crime,1314,77506526,1.7,76.14,50.14,7.86,176108,2294,40.45,84.73,194,18.23,81.25
Andhra Pradesh,2018,Stalking,845,77506526,1.09,76.14,50.14,7.86,176108,2294,40.45,84.73,194,18.23,81.25
Andhra Pradesh,2019,Rape,4031,79056656,5.1,88.15,29.2,8.28,175885,1184,32.8,82.67,782,18.23,81.25
Andhra Pradesh,2019,Domestic Violence,7647,79056656,9.67,88.15,29.2,8.28,175885,1184,32.8,82.67,782,18.23,81.25
Andhra Pradesh,2019,Kidnapping,4951,79056656,6.26,88.15,29.2,8.28,175885,1184,32.8,82.67,782,18.23,81.25
Andhra Pradesh,2019,Harassment,4376,79056656,5.54,88.15,29.2,8.28,175885,1184,32.8,82.67,782,18.23,81.25
Andhra Pradesh,2019,Dowry Deaths,6459,79056656,8.17,88.15,29.2,8.28,175885,1184,32.8,82.67,782,18.23,81.25
Andhra Pradesh,2019,Acid Attack,626,79056656,0.79,88.15,29.2,8.28,175885,1184,32.8,82.67,782,18.23,81.25
Andhra Pradesh,2019,Cyber Crime,3677,79056656,4.65,88.15,29.2,8.28,175885,1184,32.8,82.67,782,18.23,81.25
Andhra Pradesh,2019,Stalking,9295,79056656,11.76,88.15,29.2,8.28,175885,1184,32.8,82.67,782,18.23,81.25
Andhra Pradesh,2020,Rape,9897,80606787,12.28,68.11,24.14,3.7,225399,1630,26.14,60.62,519,18.23,81.25
Andhra Pradesh,2020,Domestic Violence,3530,80606787,4.38,68.11,24.14,3.7,225399,1630,26.14,60.62,519,18.23,81.25
Andhra Pradesh,2020,Kidnapping,3372,80606787,4.18,68.11,24.14,3.7,225399,1630,26.14,60.62,519,18.23,81.25
Andhra Pradesh,2020,Harassment,3572,80606787,4.43,68.11,24.14,3.7,225399,1630,26.14,60.62,519,18.23,81.25
Andhra Pradesh,2020,Dowry Deaths,2354,80606787,2.92,68.11,24.14,3.7,225399,1630,26.14,60.62,519,18.23,81.25
Andhra Pradesh,2020,Acid Attack,4521,80606787,5.61,68.11,24.14,3.7,225399,1630,26.14,60.62,519,18.23,81.25
Andhra Pradesh,2020,Cyber Crime,5162,80606787,6.4,68.11,24.14,3.7,225399,1630,26.14,60.62,519,18.23,81.25
Andhra Pradesh,2020,Stalking,7014,80606787,8.7,68.11,24.14,3.7,225399,1630,26.14,60.62,519,18.23,81.25
Andhra Pradesh,2021,Rape,8470,82156917,10.31,75.69,43.94,3.49,278488,401,60.14,50.21,1036,18.23,81.25
Andhra Pradesh,2021,Domestic Violence,9266,82156917,11.28,75.69,43.94,3.49,278488,401,60.14,50.21,1036,18.23,81.25
Andhra Pradesh,2021,Kidnapping,1036,82156917,1.26,75.69,43.94,3.49,278488,401,60.14,50.21,1036,18.23,81.25
Andhra Pradesh,2021,Harassment,2125,82156917,2.59,75.69,43.94,3.49,278488,401,60.14,50.21,1036,18.23,81.25
Andhra Pradesh,2021,Dowry Deaths,8473,82156917,10.31,75.69,43.94,3.49,278488,401,60.14,50.21,1036,18.23,81.25
Andhra Pradesh,2021,Acid Attack,9077,82156917,11.05,75.69,43.94,3.49,278488,401,60.14,50.21,1036,18.23,81.25
Andhra Pradesh,2021,Cyber Crime,8570,82156917,10.43,75.69,43.94,3.49,278488,401,60.14,50.21,1036,18.23,81.25
Andhra Pradesh,2021,Stalking,9166,82156917,11.16,75.69,43.94,3.49,278488,401,60.14,50.21,1036,18.23,81.25
Andhra Pradesh,2022,Rape,4072,83707048,4.86,80.81,47.13,5.02,251579,962,27.04,57.94,809,18.23,81.25
Andhra Pradesh,2022,Domestic Violence,6475,83707048,7.74,80.81,47.13,5.02,251579,962,27.04,57.94,809,18.23,81.25
Andhra Pradesh,2022,Kidnapping,6820,83707048,8.15,80.81,47.13,5.02,251579,962,27.04,57.94,809,18.23,81.25
Andhra Pradesh,2022,Harassment,4880,83707048,5.83,80.81,47.13,5.02,251579,962,27.04,57.94,809,18.23,81.25
Andhra Pradesh,2022,Dowry Deaths,5257,83707048,6.28,80.81,47.13,5.02,251579,962,27.04,57.94,809,18.23,81.25
Andhra Pradesh,2022,Acid Attack,3213,83707048,3.84,80.81,47.13,5.02,251579,962,27.04,57.94,809,18.23,81.25
Andhra Pradesh,2022,Cyber Crime,6088,83707048,7.27,80.81,47.13,5.02,251579,962,27.04,57.94,809,18.23,81.25
Andhra Pradesh,2022,Stalking,1466,83707048,1.75,80.81,47.13,5.02,251579,962,27.04,57.94,809,18.23,81.25
Andhra Pradesh,2023,Rape,2259,85257178,2.65,89.14,47.54,8.02,205989,2723,46.75,58.3,426,18.23,81.25
Andhra Pradesh,2023,Domestic Violence,9681,85257178,11.36,89.14,47.54,8.02,205989,2723,46.75,58.3,426,18.23,81.25
Andhra Pradesh,2023,Kidnapping,2982,85257178,3.5,89.14,47.54,8.02,205989,2723,46.75,58.3,426,18.23,81.25
Andhra Pradesh,2023,Harassment,8558,85257178,10.04,89.14,47.54,8.02,205989,2723,46.75,58.3,426,18.23,81.25
Andhra Pradesh,2023,Dowry Deaths,1451,85257178,1.7,89.14,47.54,8.02,205989,2723,46.75,58.3,426,18.23,81.25
Andhra Pradesh,2023,Acid Attack,9414,85257178,11.04,89.14,47.54,8.02,205989,2723,46.75,58.3,426,18.23,81.25
Andhra Pradesh,2023,Cyber Crime,2579,85257178,3.02,89.14,47.54,8.02,205989,2723,46.75,58.3,426,18.23,81.25
Andhra Pradesh,2023,Stalking,3217,85257178,3.77,89.14,47.54,8.02,205989,2723,46.75,58.3,426,18.23,81.25
Telangana,2018,Rape,5426,18691164,29.03,84.28,55.25,5.65,88258,393,46.72,71.65,1046,24.87,78.95
Telangana,2018,Domestic Violence,6516,18691164,34.86,84.28,55.25,5.65,88258,393,46.72,71.65,1046,24.87,78.95
Telangana,2018,Kidnapping,3835,18691164,20.52,84.28,55.25,5.65,88258,393,46.72,71.65,1046,24.87,78.95
Telangana,2018,Harassment,8538,18691164,45.68,84.28,55.25,5.65,88258,393,46.72,71.65,1046,24.87,78.95
Telangana,2018,Dowry Deaths,5373,18691164,28.75,84.28,55.25,5.65,88258,393,46.72,71.65,1046,24.87,78.95
Telangana,2018,Acid Attack,1981,18691164,10.6,84.28,55.25,5.65,88258,393,46.72,71.65,1046,24.87,78.95
Telangana,2018,Cyber Crime,6805,18691164,36.41,84.28,55.25,5.65,88258,393,46.72,71.65,1046,24.87,78.95
Telangana,2018,Stalking,3951,18691164,21.14,84.28,55.25,5.65,88258,393,46.72,71.65,1046,24.87,78.95
Telangana,2019,Rape,9019,19064987,47.31,83.03,78.74,10.56,266454,1032,47.59,61.42,542,24.87,78.95
Telangana,2019,Domestic Violence,7721,19064987,40.5,83.03,78.74,10.56,266454,1032,47.59,61.42,542,24.87,78.95
Telangana,2019,Kidnapping,3810,19064987,19.98,83.03,78.74,10.56,266454,1032,47.59,61.42,542,24.87,78.95
Telangana,2019,Harassment,3800,19064987,19.93,83.03,78.74,10.56,266454,1032,47.59,61.42,542,24.87,78.95
Telangana,2019,Dowry Deaths,7222,19064987,37.88,83.03,78.74,10.56,266454,1032,47.59,61.42,542,24.87,78.95
Telangana,2019,Acid Attack,7718,19064987,40.48,83.03,78.74,10.56,266454,1032,47.59,61.42,542,24.87,78.95
Telangana,2019,Cyber Crime,8276,19064987,43.41,83.03,78.74,10.56,266454,1032,47.59,61.42,542,24.87,78.95
Telangana,2019,Stalking,4175,19064987,21.9,83.03,78.74,10.56,266454,1032,47.59,61.42,542,24.87,78.95
Telangana,2020,Rape,6119,19438810,31.48,63.34,25.97,5.19,212893,1511,62.78,87.36,551,24.87,78.95
Telangana,2020,Domestic Violence,8856,19438810,45.56,63.34,25.97,5.19,212893,1511,62.78,87.36,551,24.87,78.95
Telangana,2020,Kidnapping,7112,19438810,36.59,63.34,25.97,5.19,212893,1511,62.78,87.36,551,24.87,78.95
Telangana,2020,Harassment,5505,19438810,28.32,63.34,25.97,5.19,212893,1511,62.78,87.36,551,24.87,78.95
Telangana,2020,Dowry Deaths,1322,19438810,6.8,63.34,25.97,5.19,212893,1511,62.78,87.36,551,24.87,78.95
Telangana,2020,Acid Attack,1443,19438810,7.42,63.34,25.97,5.19,212893,1511,62.78,87.36,551,24.87,78.95
Telangana,2020,Cyber Crime,6650,19438810,34.21,63.34,25.97,5.19,212893,1511,62.78,87.36,551,24.87,78.95
Telangana,2020,Stalking,4925,19438810,25.34,63.34,25.97,5.19,212893,1511,62.78,87.36,551,24.87,78.95
Telangana,2021,Rape,7352,19812633,37.11,57.99,32.47,3.24,217292,1114,49.15,68.96,613,24.87,78.95
Telangana,2021,Domestic Violence,6535,19812633,32.98,57.99,32.47,3.24,217292,1114,49.15,68.96,613,24.87,78.95
Telangana,2021,Kidnapping,4094,19812633,20.66,57.99,32.47,3.24,217292,1114,49.15,68.96,613,24.87,78.95
Telangana,2021,Harassment,5341,19812633,26.96,57.99,32.47,3.24,217292,1114,49.15,68.96,613,24.87,78.95
Telangana,2021,Dowry Deaths,1909,19812633,9.64,57.99,32.47,3.24,217292,1114,49.15,68.96,613,24.87,78.95
Telangana,2021,Acid Attack,5066,19812633,25.57,57.99,32.47,3.24,217292,1114,49.15,68.96,613,24.87,78.95
Telangana,2021,Cyber Crime,4991,19812633,25.19,57.99,32.47,3.24,217292,1114,49.15,68.96,613,24.87,78.95
Telangana,2021,Stalking,2055,19812633,10.37,57.99,32.47,3.24,217292,1114,49.15,68.96,613,24.87,78.95
Telangana,2022,Rape,1887,20186457,9.35,76.85,44.56,7.97,180273,1276,34.72,92.68,953,24.87,78.95
Telangana,2022,Domestic Violence,3179,20186457,15.75,76.85,44.56,7.97,180273,1276,34.72,92.68,953,24.87,78.95
Telangana,2022,Kidnapping,2606,20186457,12.91,76.85,44.56,7.97,180273,1276,34.72,92.68,953,24.87,78.95
Telangana,2022,Harassment,8673,20186457,42.96,76.85,44.56,7.97,180273,1276,34.72,92.68,953,24.87,78.95
Telangana,2022,Dowry Deaths,4723,20186457,23.4,76.85,44.56,7.97,180273,1276,34.72,92.68,953,24.87,78.95
Telangana,2022,Acid Attack,5331,20186457,26.41,76.85,44.56,7.97,180273,1276,34.72,92.68,953,24.87,78.95
Telangana,2022,Cyber Crime,3268,20186457,16.19,76.85,44.56,7.97,180273,1276,34.72,92.68,953,24.87,78.95
Telangana,2022,Stalking,3686,20186457,18.26,76.85,44.56,7.97,180273,1276,34.72,92.68,953,24.87,78.95
Telangana,2023,Rape,9133,20560280,44.42,72.94,64.5,9.29,149608,1981,52.25,68.98,765,24.87,78.95
Telangana,2023,Domestic Violence,9496,20560280,46.19,72.94,64.5,9.29,149608,1981,52.25,68.98,765,24.87,78.95
Telangana,2023,Kidnapping,574,20560280,2.79,72.94,64.5,9.29,149608,1981,52.25,68.98,765,24.87,78.95
Telangana,2023,Harassment,7481,20560280,36.39,72.94,64.5,9.29,149608,1981,52.25,68.98,765,24.87,78.95
Telangana,2023,Dowry Deaths,5975,20560280,29.06,72.94,64.5,9.29,149608,1981,52.25,68.98,765,24.87,78.95
Telangana,2023,Acid Attack,8732,20560280,42.47,72.94,64.5,9.29,149608,1981,52.25,68.98,765,24.87,78.95
Telangana,2023,Cyber Crime,7684,20560280,37.37,72.94,64.5,9.29,149608,1981,52.25,68.98,765,24.87,78.95
Telangana,2023,Stalking,6296,20560280,30.62,72.94,64.5,9.29,149608,1981,52.25,68.98,765,24.87,78.95
Kerala,2018,Rape,9146,79052985,11.57,59.9,35.82,5.4,79402,367,32.54,78.49,920,27.45,71.09
Kerala,2018,Domestic Violence,3469,79052985,4.39,59.9,35.82,5.4,79402,367,32.54,78.49,920,27.45,71.09
Kerala,2018,Kidnapping,3528,79052985,4.46,59.9,35.82,5.4,79402,367,32.54,78.49,920,27.45,71.09
Kerala,2018,Harassment,8143,79052985,10.3,59.9,35.82,5.4,79402,367,32.54,78.49,920,27.45,71.09
Kerala,2018,Dowry Deaths,3181,79052985,4.02,59.9,35.82,5.4,79402,367,32.54,78.49,920,27.45,71.09
Kerala,2018,Acid Attack,4129,79052985,5.22,59.9,35.82,5.4,79402,367,32.54,78.49,920,27.45,71.09
Kerala,2018,Cyber Crime,4725,79052985,5.98,59.9,35.82,5.4,79402,367,32.54,78.49,920,27.45,71.09
Kerala,2018,Stalking,3567,79052985,4.51,59.9,35.82,5.4,79402,367,32.54,78.49,920,27.45,71.09
Kerala,2019,Rape,8179,80634044,10.14,88.55,31.06,3.81,268482,993,23.41,87.67,110,27.45,71.09
Kerala,2019,Domestic Violence,7319,80634044,9.08,88.55,31.06,3.81,268482,993,23.41,87.67,110,27.45,71.09
Kerala,2019,Kidnapping,9828,80634044,12.19,88.55,31.06,3.81,268482,993,23.41,87.67,110,27.45,71.09
Kerala,2019,Harassment,8878,80634044,11.01,88.55,31.06,3.81,268482,993,23.41,87.67,110,27.45,71.09
Kerala,2019,Dowry Deaths,9942,80634044,12.33,88.55,31.06,3.81,268482,993,23.41,87.67,110,27.45,71.09
Kerala,2019,Acid Attack,1833,80634044,2.27,88.55,31.06,3.81,268482,993,23.41,87.67,110,27.45,71.09
Kerala,2019,Cyber Crime,4650,80634044,5.77,88.55,31.06,3.81,268482,993,23.41,87.67,110,27.45,71.09
Kerala,2019,Stalking,7266,80634044,9.01,88.55,31.06,3.81,268482,993,23.41,87.67,110,27.45,71.09
Kerala,2020,Rape,8174,82215104,9.94,88.39,28.1,7.35,109129,950,33.11,76.78,1057,27.45,71.09
Kerala,2020,Domestic Violence,6622,82215104,8.05,88.39,28.1,7.35,109129,950,33.11,76.78,1057,27.45,71.09
Kerala,2020,Kidnapping,981,82215104,1.19,88.39,28.1,7.35,109129,950,33.11,76.78,1057,27.45,71.09
Kerala,2020,Harassment,653,82215104,0.79,88.39,28.1,7.35,109129,950,33.11,76.78,1057,27.45,71.09
Kerala,2020,Dowry Deaths,8117,82215104,9.87,88.39,28.1,7.35,109129,950,33.11,76.78,1057,27.45,71.09
Kerala,2020,Acid Attack,2024,82215104,2.46,88.39,28.1,7.35,109129,950,33.11,76.78,1057,27.45,71.09
Kerala,2020,Cyber Crime,2620,82215104,3.19,88.39,28.1,7.35,109129,950,33.11,76.78,1057,27.45,71.09
Kerala,2020,Stalking,2843,82215104,3.46,88.39,28.1,7.35,109129,950,33.11,76.78,1057,27.45,71.09
Kerala,2021,Rape,8863,83796164,10.58,80.49,49.73,9.2,105337,224,32.32,86.86,207,27.45,71.09
Kerala,2021,Domestic Violence,4049,83796164,4.83,80.49,49.73,9.2,105337,224,32.32,86.86,207,27.45,71.09
Kerala,2021,Kidnapping,4697,83796164,5.61,80.49,49.73,9.2,105337,224,32.32,86.86,207,27.45,71.09
Kerala,2021,Harassment,7509,83796164,8.96,80.49,49.73,9.2,105337,224,32.32,86.86,207,27.45,71.09
Kerala,2021,Dowry Deaths,7167,83796164,8.55,80.49,49.73,9.2,105337,224,32.32,86.86,207,27.45,71.09
Kerala,2021,Acid Attack,2822,83796164,3.37,80.49,49.73,9.2,105337,224,32.32,86.86,207,27.45,71.09
Kerala,2021,Cyber Crime,4590,83796164,5.48,80.49,49.73,9.2,105337,224,32.32,86.86,207,27.45,71.09
Kerala,2021,Stalking,7460,83796164,8.9,80.49,49.73,9.2,105337,224,32.32,86.86,207,27.45,71.09
Kerala,2022,Rape,2250,85377223,2.64,59.79,77.01,7.01,107134,211,47.1,89.28,760,27.45,71.09
Kerala,2022,Domestic Violence,6104,85377223,7.15,59.79,77.01,7.01,107134,211,47.1,89.28,760,27.45,71.09
Kerala,2022,Kidnapping,2921,85377223,3.42,59.79,77.01,7.01,107134,211,47.1,89.28,760,27.45,71.09
Kerala,2022,Harassment,7619,85377223,8.92,59.79,77.01,7.01,107134,211,47.1,89.28,760,27.45,71.09
Kerala,2022,Dowry Deaths,9401,85377223,11.01,59.79,77.01,7.01,107134,211,47.1,89.28,760,27.45,71.09
Kerala,2022,Acid Attack,5819,85377223,6.82,59.79,77.01,7.01,107134,211,47.1,89.28,760,27.45,71.09
Kerala,2022,Cyber Crime,7109,85377223,8.33,59.79,77.01,7.01,107134,211,47.1,89.28,760,27.45,71.09
Kerala,2022,Stalking,5887,85377223,6.9,59.79,77.01,7.01,107134,211,47.1,89.28,760,27.45,71.09
Kerala,2023,Rape,3657,86958283,4.21,62.74,79.26,11.5,209007,977,49.41,94.97,1080,27.45,71.09
Kerala,2023,Domestic Violence,890,86958283,1.02,62.74,79.26,11.5,209007,977,49.41,94.97,1080,27.45,71.09
Kerala,2023,Kidnapping,4930,86958283,5.67,62.74,79.26,11.5,209007,977,49.41,94.97,1080,27.45,71.09
Kerala,2023,Harassment,9320,86958283,10.72,62.74,79.26,11.5,209007,977,49.41,94.97,1080,27.45,71.09
Kerala,2023,Dowry Deaths,8186,86958283,9.41,62.74,79.26,11.5,209007,977,49.41,94.97,1080,27.45,71.09
Kerala,2023,Acid Attack,4732,86958283,5.44,62.74,79.26,11.5,209007,977,49.41,94.97,1080,27.45,71.09
Kerala,2023,Cyber Crime,8507,86958283,9.78,62.74,79.26,11.5,209007,977,49.41,94.97,1080,27.45,71.09
Kerala,2023,Stalking,2021,86958283,2.32,62.74,79.26,11.5,209007,977,49.41,94.97,1080,27.45,71.09
Punjab,2018,Rape,3167,71626362,4.42,85.17,70.67,5.87,299321,814,21.85,76.83,1094,33.5,81.75
Punjab,2018,Domestic Violence,8480,71626362,11.84,85.17,70.67,5.87,299321,814,21.85,76.83,1094,33.5,81.75
Punjab,2018,Kidnapping,630,71626362,0.88,85.17,70.67,5.87,299321,814,21.85,76.83,1094,33.5,81.75
Punjab,2018,Harassment,3483,71626362,4.86,85.17,70.67,5.87,299321,814,21.85,76.83,1094,33.5,81.75
Punjab,2018,Dowry Deaths,4778,71626362,6.67,85.17,70.67,5.87,299321,814,21.85,76.83,1094,33.5,81.75
Punjab,2018,Acid Attack,7626,71626362,10.65,85.17,70.67,5.87,299321,814,21.85,76.83,1094,33.5,81.75
Punjab,2018,Cyber Crime,8730,71626362,12.19,85.17,70.67,5.87,299321,814,21.85,76.83,1094,33.5,81.75
Punjab,2018,Stalking,8194,71626362,11.44,85.17,70.67,5.87,299321,814,21.85,76.83,1094,33.5,81.75
Punjab,2019,Rape,9002,73058889,12.32,83.14,52.3,8.95,57564,2969,46.01,69.21,993,33.5,81.75
Punjab,2019,Domestic Violence,9430,73058889,12.91,83.14,52.3,8.95,57564,2969,46.01,69.21,993,33.5,81.75
Punjab,2019,Kidnapping,3741,73058889,5.12,83.14,52.3,8.95,57564,2969,46.01,69.21,993,33.5,81.75
Punjab,2019,Harassment,1045,73058889,1.43,83.14,52.3,8.95,57564,2969,46.01,69.21,993,33.5,81.75
Punjab,2019,Dowry Deaths,4846,73058889,6.63,83.14,52.3,8.95,57564,2969,46.01,69.21,993,33.5,81.75
Punjab,2019,Acid Attack,4310,73058889,5.9,83.14,52.3,8.95,57564,2969,46.01,69.21,993,33.5,81.75
Punjab,2019,Cyber Crime,7706,73058889,10.55,83.14,52.3,8.95,57564,2969,46.01,69.21,993,33.5,81.75
Punjab,2019,Stalking,9505,73058889,13.01,83.14,52.3,8.95,57564,2969,46.01,69.21,993,33.5,81.75
Punjab,2020,Rape,4861,74491416,6.53,67.27,66.03,6.62,123972,947,51.38,89.32,476,33.5,81.75
Punjab,2020,Domestic Violence,7569,74491416,10.16,67.27,66.03,6.62,123972,947,51.38,89.32,476,33.5,81.75
Punjab,2020,Kidnapping,1420,74491416,1.91,67.27,66.03,6.62,123972,947,51.38,89.32,476,33.5,81.75
Punjab,2020,Harassment,8690,74491416,11.67,67.27,66.03,6.62,123972,947,51.38,89.32,476,33.5,81.75
Punjab,2020,Dowry Deaths,3930,74491416,5.28,67.27,66.03,6.62,123972,947,51.38,89.32,476,33.5,81.75
Punjab,2020,Acid Attack,4935,74491416,6.62,67.27,66.03,6.62,123972,947,51.38,89.32,476,33.5,81.75
Punjab,2020,Cyber Crime,4260,74491416,5.72,67.27,66.03,6.62,123972,947,51.38,89.32,476,33.5,81.75
Punjab,2020,Stalking,2550,74491416,3.42,67.27,66.03,6.62,123972,947,51.38,89.32,476,33.5,81.75
Punjab,2021,Rape,8673,75923943,11.42,71.36,37.82,10.68,213985,2181,49.46,62.48,1048,33.5,81.75
Punjab,2021,Domestic Violence,3132,75923943,4.13,71.36,37.82,10.68,213985,2181,49.46,62.48,1048,33.5,81.75
Punjab,2021,Kidnapping,4994,75923943,6.58,71.36,37.82,10.68,213985,2181,49.46,62.48,1048,33.5,81.75
Punjab,2021,Harassment,8556,75923943,11.27,71.36,37.82,10.68,213985,2181,49.46,62.48,1048,33.5,81.75
Punjab,2021,Dowry Deaths,8011,75923943,10.55,71.36,37.82,10.68,213985,2181,49.46,62.48,1048,33.5,81.75
Punjab,2021,Acid Attack,9655,75923943,12.72,71.36,37.82,10.68,213985,2181,49.46,62.48,1048,33.5,81.75
Punjab,2021,Cyber Crime,2328,75923943,3.07,71.36,37.82,10.68,213985,2181,49.46,62.48,1048,33.5,81.75
Punjab,2021,Stalking,9630,75923943,12.68,71.36,37.82,10.68,213985,2181,49.46,62.48,1048,33.5,81.75
Punjab,2022,Rape,6190,77356470,8.0,75.6,78.94,10.96,176295,210,65.19,94.51,663,33.5,81.75
Punjab,2022,Domestic Violence,8327,77356470,10.76,75.6,78.94,10.96,176295,210,65.19,94.51,663,33.5,81.75
Punjab,2022,Kidnapping,5929,77356470,7.66,75.6,78.94,10.96,176295,210,65.19,94.51,663,33.5,81.75
Punjab,2022,Harassment,9576,77356470,12.38,75.6,78.94,10.96,176295,210,65.19,94.51,663,33.5,81.75
Punjab,2022,Dowry Deaths,4064,77356470,5.25,75.6,78.94,10.96,176295,210,65.19,94.51,663,33.5,81.75
Punjab,2022,Acid Attack,1889,77356470,2.44,75.6,78.94,10.96,176295,210,65.19,94.51,663,33.5,81.75
Punjab,2022,Cyber Crime,7774,77356470,10.05,75.6,78.94,10.96,176295,210,65.19,94.51,663,33.5,81.75
Punjab,2022,Stalking,1324,77356470,1.71,75.6,78.94,10.96,176295,210,65.19,94.51,663,33.5,81.75
Punjab,2023,Rape,2413,78788998,3.06,62.72,31.19,10.02,168533,1996,51.49,59.73,1143,33.5,81.75
Punjab,2023,Domestic Violence,8157,78788998,10.35,62.72,31.19,10.02,168533,1996,51.49,59.73,1143,33.5,81.75
Punjab,2023,Kidnapping,2966,78788998,3.76,62.72,31.19,10.02,168533,1996,51.49,59.73,1143,33.5,81.75
Punjab,2023,Harassment,9541,78788998,12.11,62.72,31.19,10.02,168533,1996,51.49,59.73,1143,33.5,81.75
Punjab,2023,Dowry Deaths,7812,78788998,9.92,62.72,31.19,10.02,168533,1996,51.49,59.73,1143,33.5,81.75
Punjab,2023,Acid Attack,8694,78788998,11.03,62.72,31.19,10.02,168533,1996,51.49,59.73,1143,33.5,81.75
Punjab,2023,Cyber Crime,8406,78788998,10.67,62.72,31.19,10.02,168533,1996,51.49,59.73,1143,33.5,81.75
Punjab,2023,Stalking,5376,78788998,6.82,62.72,31.19,10.02,168533,1996,51.49,59.73,1143,33.5,81.75
Haryana,2018,Rape,7381,26765239,27.58,86.32,71.61,7.12,292615,2882,26.48,89.99,1020,28.19,69.01
Haryana,2018,Domestic Violence,1454,26765239,5.43,86.32,71.61,7.12,292615,2882,26.48,89.99,1020,28.19,69.01
Haryana,2018,Kidnapping,9675,26765239,36.15,86.32,71.61,7.12,292615,2882,26.48,89.99,1020,28.19,69.01
Haryana,2018,Harassment,7791,26765239,29.11,86.32,71.61,7.12,292615,2882,26.48,89.99,1020,28.19,69.01
Haryana,2018,Dowry Deaths,1474,26765239,5.51,86.32,71.61,7.12,292615,2882,26.48,89.99,1020,28.19,69.01
Haryana,2018,Acid Attack,4633,26765239,17.31,86.32,71.61,7.12,292615,2882,26.48,89.99,1020,28.19,69.01
Haryana,2018,Cyber Crime,5870,26765239,21.93,86.32,71.61,7.12,292615,2882,26.48,89.99,1020,28.19,69.01
Haryana,2018,Stalking,4472,26765239,16.71,86.32,71.61,7.12,292615,2882,26.48,89.99,1020,28.19,69.01
Haryana,2019,Rape,817,27300543,2.99,56.71,51.96,11.66,190975,995,23.81,88.3,1163,28.19,69.01
Haryana,2019,Domestic Violence,2896,27300543,10.61,56.71,51.96,11.66,190975,995,23.81,88.3,1163,28.19,69.01
Haryana,2019,Kidnapping,2662,27300543,9.75,56.71,51.96,11.66,190975,995,23.81,88.3,1163,28.19,69.01
Haryana,2019,Harassment,3245,27300543,11.89,56.71,51.96,11.66,190975,995,23.81,88.3,1163,28.19,69.01
Haryana,2019,Dowry Deaths,2091,27300543,7.66,56.71,51.96,11.66,190975,995,23.81,88.3,1163,28.19,69.01
Haryana,2019,Acid Attack,6683,27300543,24.48,56.71,51.96,11.66,190975,995,23.81,88.3,1163,28.19,69.01
Haryana,2019,Cyber Crime,4430,27300543,16.23,56.71,51.96,11.66,190975,995,23.81,88.3,1163,28.19,69.01
Haryana,2019,Stalking,1812,27300543,6.64,56.71,51.96,11.66,190975,995,23.81,88.3,1163,28.19,69.01
Haryana,2020,Rape,3104,27835848,11.15,85.75,67.85,8.93,294064,2818,63.36,81.88,462,28.19,69.01
Haryana,2020,Domestic Violence,4786,27835848,17.19,85.75,67.85,8.93,294064,2818,63.36,81.88,462,28.19,69.01
Haryana,2020,Kidnapping,4238,27835848,15.22,85.75,67.85,8.93,294064,2818,63.36,81.88,462,28.19,69.01
Haryana,2020,Harassment,2969,27835848,10.67,85.75,67.85,8.93,294064,2818,63.36,81.88,462,28.19,69.01
Haryana,2020,Dowry Deaths,5295,27835848,19.02,85.75,67.85,8.93,294064,2818,63.36,81.88,462,28.19,69.01
Haryana,2020,Acid Attack,6650,27835848,23.89,85.75,67.85,8.93,294064,2818,63.36,81.88,462,28.19,69.01
Haryana,2020,Cyber Crime,1056,27835848,3.79,85.75,67.85,8.93,294064,2818,63.36,81.88,462,28.19,69.01
Haryana,2020,Stalking,9517,27835848,34.19,85.75,67.85,8.93,294064,2818,63.36,81.88,462,28.19,69.01
Haryana,2021,Rape,2903,28371153,10.23,71.29,72.74,3.05,52719,2610,31.43,90.89,181,28.19,69.01
Haryana,2021,Domestic Violence,9280,28371153,32.71,71.29,72.74,3.05,52719,2610,31.43,90.89,181,28.19,69.01
Haryana,2021,Kidnapping,794,28371153,2.8,71.29,72.74,3.05,52719,2610,31.43,90.89,181,28.19,69.01
Haryana,2021,Harassment,5843,28371153,20.59,71.29,72.74,3.05,52719,2610,31.43,90.89,181,28.19,69.01
Haryana,2021,Dowry Deaths,1636,28371153,5.77,71.29,72.74,3.05,52719,2610,31.43,90.89,181,28.19,69.01
Haryana,2021,Acid Attack,2564,28371153,9.04,71.29,72.74,3.05,52719,2610,31.43,90.89,181,28.19,69.01
Haryana,2021,Cyber Crime,7509,28371153,26.47,71.29,72.74,3.05,52719,2610,31.43,90.89,181,28.19,69.01
Haryana,2021,Stalking,5043,28371153,17.78,71.29,72.74,3.05,52719,2610,31.43,90.89,181,28.19,69.01
Haryana,2022,Rape,2882,28906458,9.97,73.9,66.79,3.96,228589,785,41.61,87.81,671,28.19,69.01
Haryana,2022,Domestic Violence,9937,28906458,34.38,73.9,66.79,3.96,228589,785,41.61,87.81,671,28.19,69.01
Haryana,2022,Kidnapping,5584,28906458,19.32,73.9,66.79,3.96,228589,785,41.61,87.81,671,28.19,69.01
Haryana,2022,Harassment,777,28906458,2.69,73.9,66.79,3.96,228589,785,41.61,87.81,671,28.19,69.01
Haryana,2022,Dowry Deaths,7559,28906458,26.15,73.9,66.79,3.96,228589,785,41.61,87.81,671,28.19,69.01
Haryana,2022,Acid Attack,2387,28906458,8.26,73.9,66.79,3.96,228589,785,41.61,87.81,671,28.19,69.01
Haryana,2022,Cyber Crime,1765,28906458,6.11,73.9,66.79,3.96,228589,785,41.61,87.81,671,28.19,69.01
Haryana,2022,Stalking,7991,28906458,27.64,73.9,66.79,3.96,228589,785,41.61,87.81,671,28.19,69.01
Haryana,2023,Rape,2853,29441762,9.69,65.53,62.49,3.61,123609,1085,37.29,77.94,309,28.19,69.01
Haryana,2023,Domestic Violence,7937,29441762,26.96,65.53,62.49,3.61,123609,1085,37.29,77.94,309,28.19,69.01
Haryana,2023,Kidnapping,5299,29441762,18.0,65.53,62.49,3.61,123609,1085,37.29,77.94,309,28.19,69.01
Haryana,2023,Harassment,1186,29441762,4.03,65.53,62.49,3.61,123609,1085,37.29,77.94,309,28.19,69.01
Haryana,2023,Dowry Deaths,8976,29441762,30.49,65.53,62.49,3.61,123609,1085,37.29,77.94,309,28.19,69.01
Haryana,2023,Acid Attack,5311,29441762,18.04,65.53,62.49,3.61,123609,1085,37.29,77.94,309,28.19,69.01
Haryana,2023,Cyber Crime,9454,29441762,32.11,65.53,62.49,3.61,123609,1085,37.29,77.94,309,28.19,69.01
Haryana,2023,Stalking,5846,29441762,19.86,65.53,62.49,3.61,123609,1085,37.29,77.94,309,28.19,69.01
Delhi,2018,Rape,3856,7773939,49.6,55.77,39.42,7.4,143106,2706,54.16,70.07,837,28.47,68.71
Delhi,2018,Domestic Violence,9207,7773939,118.43,55.77,39.42,7.4,143106,2706,54.16,70.07,837,28.47,68.71
Delhi,2018,Kidnapping,7766,7773939,99.9,55.77,39.42,7.4,143106,2706,54.16,70.07,837,28.47,68.71
Delhi,2018,Harassment,7040,7773939,90.56,55.77,39.42,7.4,143106,2706,54.16,70.07,837,28.47,68.71
Delhi,2018,Dowry Deaths,538,7773939,6.92,55.77,39.42,7.4,143106,2706,54.16,70.07,837,28.47,68.71
Delhi,2018,Acid Attack,3842,7773939,49.42,55.77,39.42,7.4,143106,2706,54.16,70.07,837,28.47,68.71
Delhi,2018,Cyber Crime,9578,7773939,123.21,55.77,39.42,7.4,143106,2706,54.16,70.07,837,28.47,68.71
Delhi,2018,Stalking,3344,7773939,43.02,55.77,39.42,7.4,143106,2706,54.16,70.07,837,28.47,68.71
Delhi,2019,Rape,4616,7929417,58.21,79.28,33.25,3.74,128797,1762,63.4,93.35,1088,28.47,68.71
Delhi,2019,Domestic Violence,6946,7929417,87.6,79.28,33.25,3.74,128797,1762,63.4,93.35,1088,28.47,68.71
Delhi,2019,Kidnapping,4679,7929417,59.01,79.28,33.25,3.74,128797,1762,63.4,93.35,1088,28.47,68.71
Delhi,2019,Harassment,2182,7929417,27.52,79.28,33.25,3.74,128797,1762,63.4,93.35,1088,28.47,68.71
Delhi,2019,Dowry Deaths,6126,7929417,77.26,79.28,33.25,3.74,128797,1762,63.4,93.35,1088,28.47,68.71
Delhi,2019,Acid Attack,7924,7929417,99.93,79.28,33.25,3.74,128797,1762,63.4,93.35,1088,28.47,68.71
Delhi,2019,Cyber Crime,1433,7929417,18.07,79.28,33.25,3.74,128797,1762,63.4,93.35,1088,28.47,68.71
Delhi,2019,Stalking,4098,7929417,51.68,79.28,33.25,3.74,128797,1762,63.4,93.35,1088,28.47,68.71
Delhi,2020,Rape,7073,8084896,87.48,81.1,32.02,10.81,132711,2009,63.22,71.29,1183,28.47,68.71
Delhi,2020,Domestic Violence,1484,8084896,18.36,81.1,32.02,10.81,132711,2009,63.22,71.29,1183,28.47,68.71
Delhi,2020,Kidnapping,6276,8084896,77.63,81.1,32.02,10.81,132711,2009,63.22,71.29,1183,28.47,68.71
Delhi,2020,Harassment,4176,8084896,51.65,81.1,32.02,10.81,132711,2009,63.22,71.29,1183,28.47,68.71
Delhi,2020,Dowry Deaths,3880,8084896,47.99,81.1,32.02,10.81,132711,2009,63.22,71.29,1183,28.47,68.71
Delhi,2020,Acid Attack,9211,8084896,113.93,81.1,32.02,10.81,132711,2009,63.22,71.29,1183,28.47,68.71
Delhi,2020,Cyber Crime,9282,8084896,114.81,81.1,32.02,10.81,132711,2009,63.22,71.29,1183,28.47,68.71
Delhi,2020,Stalking,1550,8084896,19.17,81.1,32.02,10.81,132711,2009,63.22,71.29,1183,28.47,68.71
Delhi,2021,Rape,8225,8240375,99.81,84.57,65.66,8.64,132879,2163,21.63,91.44,998,28.47,68.71
Delhi,2021,Domestic Violence,1026,8240375,12.45,84.57,65.66,8.64,132879,2163,21.63,91.44,998,28.47,68.71
Delhi,2021,Kidnapping,3724,8240375,45.19,84.57,65.66,8.64,132879,2163,21.63,91.44,998,28.47,68.71
Delhi,2021,Harassment,2375,8240375,28.82,84.57,65.66,8.64,132879,2163,21.63,91.44,998,28.47,68.71
Delhi,2021,Dowry Deaths,2263,8240375,27.46,84.57,65.66,8.64,132879,2163,21.63,91.44,998,28.47,68.71
Delhi,2021,Acid Attack,9212,8240375,111.79,84.57,65.66,8.64,132879,2163,21.63,91.44,998,28.47,68.71
Delhi,2021,Cyber Crime,6297,8240375,76.42,84.57,65.66,8.64,132879,2163,21.63,91.44,998,28.47,68.71
Delhi,2021,Stalking,9708,8240375,117.81,84.57,65.66,8.64,132879,2163,21.63,91.44,998,28.47,68.71
Delhi,2022,Rape,4667,8395854,55.59,60.63,59.09,5.93,281809,1567,41.66,94.3,820,28.47,68.71
Delhi,2022,Domestic Violence,8965,8395854,106.78,60.63,59.09,5.93,281809,1567,41.66,94.3,820,28.47,68.71
Delhi,2022,Kidnapping,1889,8395854,22.5,60.63,59.09,5.93,281809,1567,41.66,94.3,820,28.47,68.71
Delhi,2022,Harassment,8857,8395854,105.49,60.63,59.09,5.93,281809,1567,41.66,94.3,820,28.47,68.71
Delhi,2022,Dowry Deaths,6654,8395854,79.25,60.63,59.09,5.93,281809,1567,41.66,94.3,820,28.47,68.71
Delhi,2022,Acid Attack,5920,8395854,70.51,60.63,59.09,5.93,281809,1567,41.66,94.3,820,28.47,68.71
Delhi,2022,Cyber Crime,9420,8395854,112.2,60.63,59.09,5.93,281809,1567,41.66,94.3,820,28.47,68.71
Delhi,2022,Stalking,2543,8395854,30.29,60.63,59.09,5.93,281809,1567,41.66,94.3,820,28.47,68.71
Delhi,2023,Rape,3220,8551332,37.65,82.29,22.38,7.32,96167,1776,32.1,94.4,691,28.47,68.71
Delhi,2023,Domestic Violence,9405,8551332,109.98,82.29,22.38,7.32,96167,1776,32.1,94.4,691,28.47,68.71
Delhi,2023,Kidnapping,9627,8551332,112.58,82.29,22.38,7.32,96167,1776,32.1,94.4,691,28.47,68.71
Delhi,2023,Harassment,6547,8551332,76.56,82.29,22.38,7.32,96167,1776,32.1,94.4,691,28.47,68.71
Delhi,2023,Dowry Deaths,8532,8551332,99.77,82.29,22.38,7.32,96167,1776,32.1,94.4,691,28.47,68.71
Delhi,2023,Acid Attack,501,8551332,5.86,82.29,22.38,7.32,96167,1776,32.1,94.4,691,28.47,68.71
Delhi,2023,Cyber Crime,6868,8551332,80.31,82.29,22.38,7.32,96167,1776,32.1,94.4,691,28.47,68.71
Delhi,2023,Stalking,2449,8551332,28.64,82.29,22.38,7.32,96167,1776,32.1,94.4,691,28.47,68.71
Odisha,2018,Rape,6582,13388512,49.16,66.27,78.65,4.81,125897,342,30.01,57.54,416,30.26,78.38
Odisha,2018,Domestic Violence,1134,13388512,8.47,66.27,78.65,4.81,125897,342,30.01,57.54,416,30.26,78.38
Odisha,2018,Kidnapping,2425,13388512,18.11,66.27,78.65,4.81,125897,342,30.01,57.54,416,30.26,78.38
Odisha,2018,Harassment,2556,13388512,19.09,66.27,78.65,4.81,125897,342,30.01,57.54,416,30.26,78.38
Odisha,2018,Dowry Deaths,7417,13388512,55.4,66.27,78.65,4.81,125897,342,30.01,57.54,416,30.26,78.38
Odisha,2018,Acid Attack,3644,13388512,27.22,66.27,78.65,4.81,125897,342,30.01,57.54,416,30.26,78.38
Odisha,2018,Cyber Crime,1052,13388512,7.86,66.27,78.65,4.81,125897,342,30.01,57.54,416,30.26,78.38
Odisha,2018,Stalking,9407,13388512,70.26,66.27,78.65,4.81,125897,342,30.01,57.54,416,30.26,78.38
Odisha,2019,Rape,1399,13656282,10.24,85.48,62.85,10.22,194701,310,60.74,53.61,307,30.26,78.38
Odisha,2019,Domestic Violence,521,13656282,3.82,85.48,62.85,10.22,194701,310,60.74,53.61,307,30.26,78.38
Odisha,2019,Kidnapping,9101,13656282,66.64,85.48,62.85,10.22,194701,310,60.74,53.61,307,30.26,78.38
Odisha,2019,Harassment,1394,13656282,10.21,85.48,62.85,10.22,194701,310,60.74,53.61,307,30.26,78.38
Odisha,2019,Dowry Deaths,1014,13656282,7.43,85.48,62.85,10.22,194701,310,60.74,53.61,307,30.26,78.38
Odisha,2019,Acid Attack,7794,13656282,57.07,85.48,62.85,10.22,194701,310,60.74,53.61,307,30.26,78.38
Odisha,2019,Cyber Crime,5404,13656282,39.57,85.48,62.85,10.22,194701,310,60.74,53.61,307,30.26,78.38
Odisha,2019,Stalking,8367,13656282,61.27,85.48,62.85,10.22,194701,310,60.74,53.61,307,30.26,78.38
Odisha,2020,Rape,3927,13924052,28.2,80.61,24.9,3.54,191398,1760,63.59,59.86,849,30.26,78.38
Odisha,2020,Domestic Violence,5280,13924052,37.92,80.61,24.9,3.54,191398,1760,63.59,59.86,849,30.26,78.38
Odisha,2020,Kidnapping,2427,13924052,17.43,80.61,24.9,3.54,191398,1760,63.59,59.86,849,30.26,78.38
Odisha,2020,Harassment,2856,13924052,20.51,80.61,24.9,3.54,191398,1760,63.59,59.86,849,30.26,78.38
Odisha,2020,Dowry Deaths,5290,13924052,37.99,80.61,24.9,3.54,191398,1760,63.59,59.86,849,30.26,78.38
Odisha,2020,Acid Attack,806,13924052,5.79,80.61,24.9,3.54,191398,1760,63.59,59.86,849,30.26,78.38
Odisha,2020,Cyber Crime,8479,13924052,60.89,80.61,24.9,3.54,191398,1760,63.59,59.86,849,30.26,78.38
Odisha,2020,Stalking,4165,13924052,29.91,80.61,24.9,3.54,191398,1760,63.59,59.86,849,30.26,78.38
Odisha,2021,Rape,6736,14191822,47.46,55.73,59.2,5.99,52920,1282,52.52,58.98,134,30.26,78.38
Odisha,2021,Domestic Violence,6578,14191822,46.35,55.73,59.2,5.99,52920,1282,52.52,58.98,134,30.26,78.38
Odisha,2021,Kidnapping,852,14191822,6.0,55.73,59.2,5.99,52920,1282,52.52,58.98,134,30.26,78.38
Odisha,2021,Harassment,9594,14191822,67.6,55.73,59.2,5.99,52920,1282,52.52,58.98,134,30.26,78.38
Odisha,2021,Dowry Deaths,7505,14191822,52.88,55.73,59.2,5.99,52920,1282,52.52,58.98,134,30.26,78.38
Odisha,2021,Acid Attack,658,14191822,4.64,55.73,59.2,5.99,52920,1282,52.52,58.98,134,30.26,78.38
Odisha,2021,Cyber Crime,1456,14191822,10.26,55.73,59.2,5.99,52920,1282,52.52,58.98,134,30.26,78.38
Odisha,2021,Stalking,2571,14191822,18.12,55.73,59.2,5.99,52920,1282,52.52,58.98,134,30.26,78.38
Odisha,2022,Rape,7063,14459592,48.85,69.89,40.76,6.34,220515,1155,22.01,89.02,707,30.26,78.38
Odisha,2022,Domestic Violence,9965,14459592,68.92,69.89,40.76,6.34,220515,1155,22.01,89.02,707,30.26,78.38
Odisha,2022,Kidnapping,6131,14459592,42.4,69.89,40.76,6.34,220515,1155,22.01,89.02,707,30.26,78.38
Odisha,2022,Harassment,1894,14459592,13.1,69.89,40.76,6.34,220515,1155,22.01,89.02,707,30.26,78.38
Odisha,2022,Dowry Deaths,9961,14459592,68.89,69.89,40.76,6.34,220515,1155,22.01,89.02,707,30.26,78.38
Odisha,2022,Acid Attack,5232,14459592,36.18,69.89,40.76,6.34,220515,1155,22.01,89.02,707,30.26,78.38
Odisha,2022,Cyber Crime,4214,14459592,29.14,69.89,40.76,6.34,220515,1155,22.01,89.02,707,30.26,78.38
Odisha,2022,Stalking,1029,14459592,7.12,69.89,40.76,6.34,220515,1155,22.01,89.02,707,30.26,78.38
Odisha,2023,Rape,1025,14727363,6.96,77.1,63.99,4.18,69975,2347,65.45,58.09,1039,30.26,78.38
Odisha,2023,Domestic Violence,6977,14727363,47.37,77.1,63.99,4.18,69975,2347,65.45,58.09,1039,30.26,78.38
Odisha,2023,Kidnapping,501,14727363,3.4,77.1,63.99,4.18,69975,2347,65.45,58.09,1039,30.26,78.38
Odisha,2023,Harassment,874,14727363,5.93,77.1,63.99,4.18,69975,2347,65.45,58.09,1039,30.26,78.38
Odisha,2023,Dowry Deaths,5148,14727363,34.96,77.1,63.99,4.18,69975,2347,65.45,58.09,1039,30.26,78.38
Odisha,2023,Acid Attack,2865,14727363,19.45,77.1,63.99,4.18,69975,2347,65.45,58.09,1039,30.26,78.38
Odisha,2023,Cyber Crime,2025,14727363,13.75,77.1,63.99,4.18,69975,2347,65.45,58.09,1039,30.26,78.38
Odisha,2023,Stalking,2146,14727363,14.57,77.1,63.99,4.18,69975,2347,65.45,58.09,1039,30.26,78.38
Jharkhand,2018,Rape,7562,68640055,11.02,58.33,59.13,5.81,117649,1452,20.45,76.48,559,23.64,87.22
Jharkhand,2018,Domestic Violence,3874,68640055,5.64,58.33,59.13,5.81,117649,1452,20.45,76.48,559,23.64,87.22
Jharkhand,2018,Kidnapping,6930,68640055,10.1,58.33,59.13,5.81,117649,1452,20.45,76.48,559,23.64,87.22
Jharkhand,2018,Harassment,3966,68640055,5.78,58.33,59.13,5.81,117649,1452,20.45,76.48,559,23.64,87.22
Jharkhand,2018,Dowry Deaths,3581,68640055,5.22,58.33,59.13,5.81,117649,1452,20.45,76.48,559,23.64,87.22
Jharkhand,2018,Acid Attack,1129,68640055,1.64,58.33,59.13,5.81,117649,1452,20.45,76.48,559,23.64,87.22
Jharkhand,2018,Cyber Crime,769,68640055,1.12,58.33,59.13,5.81,117649,1452,20.45,76.48,559,23.64,87.22
Jharkhand,2018,Stalking,6224,68640055,9.07,58.33,59.13,5.81,117649,1452,20.45,76.48,559,23.64,87.22
Jharkhand,2019,Rape,7529,70012856,10.75,66.8,69.73,6.88,295011,1999,50.86,81.8,675,23.64,87.22
Jharkhand,2019,Domestic Violence,6599,70012856,9.43,66.8,69.73,6.88,295011,1999,50.86,81.8,675,23.64,87.22
Jharkhand,2019,Kidnapping,9999,70012856,14.28,66.8,69.73,6.88,295011,1999,50.86,81.8,675,23.64,87.22
Jharkhand,2019,Harassment,3692,70012856,5.27,66.8,69.73,6.88,295011,1999,50.86,81.8,675,23.64,87.22
Jharkhand,2019,Dowry Deaths,3678,70012856,5.25,66.8,69.73,6.88,295011,1999,50.86,81.8,675,23.64,87.22
Jharkhand,2019,Acid Attack,6552,70012856,9.36,66.8,69.73,6.88,295011,1999,50.86,81.8,675,23.64,87.22
Jharkhand,2019,Cyber Crime,3234,70012856,4.62,66.8,69.73,6.88,295011,1999,50.86,81.8,675,23.64,87.22
Jharkhand,2019,Stalking,6616,70012856,9.45,66.8,69.73,6.88,295011,1999,50.86,81.8,675,23.64,87.22
Jharkhand,2020,Rape,2439,71385657,3.42,73.67,66.91,9.35,129671,2403,63.21,75.12,1056,23.64,87.22
Jharkhand,2020,Domestic Violence,4453,71385657,6.24,73.67,66.91,9.35,129671,2403,63.21,75.12,1056,23.64,87.22
Jharkhand,2020,Kidnapping,1468,71385657,2.06,73.67,66.91,9.35,129671,2403,63.21,75.12,1056,23.64,87.22
Jharkhand,2020,Harassment,9735,71385657,13.64,73.67,66.91,9.35,129671,2403,63.21,75.12,1056,23.64,87.22
Jharkhand,2020,Dowry Deaths,781,71385657,1.09,73.67,66.91,9.35,129671,2403,63.21,75.12,1056,23.64,87.22
Jharkhand,2020,Acid Attack,6762,71385657,9.47,73.67,66.91,9.35,129671,2403,63.21,75.12,1056,23.64,87.22
Jharkhand,2020,Cyber Crime,1558,71385657,2.18,73.67,66.91,9.35,129671,2403,63.21,75.12,1056,23.64,87.22
Jharkhand,2020,Stalking,4793,71385657,6.71,73.67,66.91,9.35,129671,2403,63.21,75.12,1056,23.64,87.22
Jharkhand,2021,Rape,1739,72758458,2.39,61.3,25.31,3.93,114178,1429,54.41,67.88,341,23.64,87.22
Jharkhand,2021,Domestic Violence,5870,72758458,8.07,61.3,25.31,3.93,114178,1429,54.41,67.88,341,23.64,87.22
Jharkhand,2021,Kidnapping,625,72758458,0.86,61.3,25.31,3.93,114178,1429,54.41,67.88,341,23.64,87.22
Jharkhand,2021,Harassment,7973,72758458,10.96,61.3,25.31,3.93,114178,1429,54.41,67.88,341,23.64,87.22
Jharkhand,2021,Dowry Deaths,9900,72758458,13.61,61.3,25.31,3.93,114178,1429,54.41,67.88,341,23.64,87.22
Jharkhand,2021,Acid Attack,5842,72758458,8.03,61.3,25.31,3.93,114178,1429,54.41,67.88,341,23.64,87.22
Jharkhand,2021,Cyber Crime,7851,72758458,10.79,61.3,25.31,3.93,114178,1429,54.41,67.88,341,23.64,87.22
Jharkhand,2021,Stalking,7138,72758458,9.81,61.3,25.31,3.93,114178,1429,54.41,67.88,341,23.64,87.22
Jharkhand,2022,Rape,1391,74131259,1.88,73.26,40.56,7.79,89062,2631,26.64,56.46,845,23.64,87.22
Jharkhand,2022,Domestic Violence,4970,74131259,6.7,73.26,40.56,7.79,89062,2631,26.64,56.46,845,23.64,87.22
Jharkhand,2022,Kidnapping,7675,74131259,10.35,73.26,40.56,7.79,89062,2631,26.64,56.46,845,23.64,87.22
Jharkhand,2022,Harassment,8820,74131259,11.9,73.26,40.56,7.79,89062,2631,26.64,56.46,845,23.64,87.22
Jharkhand,2022,Dowry Deaths,9706,74131259,13.09,73.26,40.56,7.79,89062,2631,26.64,56.46,845,23.64,87.22
Jharkhand,2022,Acid Attack,7312,74131259,9.86,73.26,40.56,7.79,89062,2631,26.64,56.46,845,23.64,87.22
Jharkhand,2022,Cyber Crime,8019,74131259,10.82,73.26,40.56,7.79,89062,2631,26.64,56.46,845,23.64,87.22
Jharkhand,2022,Stalking,5112,74131259,6.9,73.26,40.56,7.79,89062,2631,26.64,56.46,845,23.64,87.22
Jharkhand,2023,Rape,1486,75504060,1.97,88.72,35.32,8.95,284614,2674,54.16,72.37,402,23.64,87.22
Jharkhand,2023,Domestic Violence,4940,75504060,6.54,88.72,35.32,8.95,284614,2674,54.16,72.37,402,23.64,87.22
Jharkhand,2023,Kidnapping,5409,75504060,7.16,88.72,35.32,8.95,284614,2674,54.16,72.37,402,23.64,87.22
Jharkhand,2023,Harassment,3572,75504060,4.73,88.72,35.32,8.95,284614,2674,54.16,72.37,402,23.64,87.22
Jharkhand,2023,Dowry Deaths,3624,75504060,4.8,88.72,35.32,8.95,284614,2674,54.16,72.37,402,23.64,87.22
Jharkhand,2023,Acid Attack,8625,75504060,11.42,88.72,35.32,8.95,284614,2674,54.16,72.37,402,23.64,87.22
Jharkhand,2023,Cyber Crime,3791,75504060,5.02,88.72,35.32,8.95,284614,2674,54.16,72.37,402,23.64,87.22
Jharkhand,2023,Stalking,4533,75504060,6.0,88.72,35.32,8.95,284614,2674,54.16,72.37,402,23.64,87.22
Chhattisgarh,2018,Rape,2167,53120511,4.08,69.24,72.25,10.04,266222,688,25.46,79.27,593,9.3,96.34
Chhattisgarh,2018,Domestic Violence,4614,53120511,8.69,69.24,72.25,10.04,266222,688,25.46,79.27,593,9.3,96.34
Chhattisgarh,2018,Kidnapping,4053,53120511,7.63,69.24,72.25,10.04,266222,688,25.46,79.27,593,9.3,96.34
Chhattisgarh,2018,Harassment,8261,53120511,15.55,69.24,72.25,10.04,266222,688,25.46,79.27,593,9.3,96.34
Chhattisgarh,2018,Dowry Deaths,1500,53120511,2.82,69.24,72.25,10.04,266222,688,25.46,79.27,593,9.3,96.34
Chhattisgarh,2018,Acid Attack,9542,53120511,17.96,69.24,72.25,10.04,266222,688,25.46,79.27,593,9.3,96.34
Chhattisgarh,2018,Cyber Crime,1888,53120511,3.55,69.24,72.25,10.04,266222,688,25.46,79.27,593,9.3,96.34
Chhattisgarh,2018,Stalking,5950,53120511,11.2,69.24,72.25,10.04,266222,688,25.46,79.27,593,9.3,96.34
Chhattisgarh,2019,Rape,6092,54182921,11.24,68.15,37.81,8.84,101924,910,48.17,67.12,704,9.3,96.34
Chhattisgarh,2019,Domestic Violence,1940,54182921,3.58,68.15,37.81,8.84,101924,910,48.17,67.12,704,9.3,96.34
Chhattisgarh,2019,Kidnapping,9427,54182921,17.4,68.15,37.81,8.84,101924,910,48.17,67.12,704,9.3,96.34
Chhattisgarh,2019,Harassment,6559,54182921,12.11,68.15,37.81,8.84,101924,910,48.17,67.12,704,9.3,96.34
Chhattisgarh,2019,Dowry Deaths,7510,54182921,13.86,68.15,37.81,8.84,101924,910,48.17,67.12,704,9.3,96.34
Chhattisgarh,2019,Acid Attack,7617,54182921,14.06,68.15,37.81,8.84,101924,910,48.17,67.12,704,9.3,96.34
Chhattisgarh,2019,Cyber Crime,9653,54182921,17.82,68.15,37.81,8.84,101924,910,48.17,67.12,704,9.3,96.34
Chhattisgarh,2019,Stalking,3489,54182921,6.44,68.15,37.81,8.84,101924,910,48.17,67.12,704,9.3,96.34
Chhattisgarh,2020,Rape,5752,55245331,10.41,72.52,52.54,11.56,290069,2147,21.28,65.36,111,9.3,96.34
Chhattisgarh,2020,Domestic Violence,4899,55245331,8.87,72.52,52.54,11.56,290069,2147,21.28,65.36,111,9.3,96.34
Chhattisgarh,2020,Kidnapping,8734,55245331,15.81,72.52,52.54,11.56,290069,2147,21.28,65.36,111,9.3,96.34
Chhattisgarh,2020,Harassment,9635,55245331,17.44,72.52,52.54,11.56,290069,2147,21.28,65.36,111,9.3,96.34
Chhattisgarh,2020,Dowry Deaths,5945,55245331,10.76,72.52,52.54,11.56,290069,2147,21.28,65.36,111,9.3,96.34
Chhattisgarh,2020,Acid Attack,7070,55245331,12.8,72.52,52.54,11.56,290069,2147,21.28,65.36,111,9.3,96.34
Chhattisgarh,2020,Cyber Crime,9696,55245331,17.55,72.52,52.54,11.56,290069,2147,21.28,65.36,111,9.3,96.34
Chhattisgarh,2020,Stalking,8712,55245331,15.77,72.52,52.54,11.56,290069,2147,21.28,65.36,111,9.3,96.34
Chhattisgarh,2021,Rape,640,56307741,1.14,61.85,20.45,8.83,137163,2646,32.17,91.72,423,9.3,96.34
Chhattisgarh,2021,Domestic Violence,5382,56307741,9.56,61.85,20.45,8.83,137163,2646,32.17,91.72,423,9.3,96.34
Chhattisgarh,2021,Kidnapping,6512,56307741,11.57,61.85,20.45,8.83,137163,2646,32.17,91.72,423,9.3,96.34
Chhattisgarh,2021,Harassment,1463,56307741,2.6,61.85,20.45,8.83,137163,2646,32.17,91.72,423,9.3,96.34
Chhattisgarh,2021,Dowry Deaths,7651,56307741,13.59,61.85,20.45,8.83,137163,2646,32.17,91.72,423,9.3,96.34
Chhattisgarh,2021,Acid Attack,9064,56307741,16.1,61.85,20.45,8.83,137163,2646,32.17,91.72,423,9.3,96.34
Chhattisgarh,2021,Cyber Crime,4110,56307741,7.3,61.85,20.45,8.83,137163,2646,32.17,91.72,423,9.3,96.34
Chhattisgarh,2021,Stalking,7394,56307741,13.13,61.85,20.45,8.83,137163,2646,32.17,91.72,423,9.3,96.34
Chhattisgarh,2022,Rape,4945,57370151,8.62,73.63,54.86,3.81,245229,1881,40.0,93.95,189,9.3,96.34
Chhattisgarh,2022,Domestic Violence,4030,57370151,7.02,73.63,54.86,3.81,245229,1881,40.0,93.95,189,9.3,96.34
Chhattisgarh,2022,Kidnapping,1786,57370151,3.11,73.63,54.86,3.81,245229,1881,40.0,93.95,189,9.3,96.34
Chhattisgarh,2022,Harassment,7552,57370151,13.16,73.63,54.86,3.81,245229,1881,40.0,93.95,189,9.3,96.34
Chhattisgarh,2022,Dowry Deaths,4154,57370151,7.24,73.63,54.86,3.81,245229,1881,40.0,93.95,189,9.3,96.34
Chhattisgarh,2022,Acid Attack,7602,57370151,13.25,73.63,54.86,3.81,245229,1881,40.0,93.95,189,9.3,96.34
Chhattisgarh,2022,Cyber Crime,2859,57370151,4.98,73.63,54.86,3.81,245229,1881,40.0,93.95,189,9.3,96.34
Chhattisgarh,2022,Stalking,8605,57370151,15.0,73.63,54.86,3.81,245229,1881,40.0,93.95,189,9.3,96.34
Chhattisgarh,2023,Rape,6784,58432562,11.61,61.48,75.07,6.82,62149,1998,60.79,66.81,658,9.3,96.34
Chhattisgarh,2023,Domestic Violence,7785,58432562,13.32,61.48,75.07,6.82,62149,1998,60.79,66.81,658,9.3,96.34
Chhattisgarh,2023,Kidnapping,1800,58432562,3.08,61.48,75.07,6.82,62149,1998,60.79,66.81,658,9.3,96.34
Chhattisgarh,2023,Harassment,7369,58432562,12.61,61.48,75.07,6.82,62149,1998,60.79,66.81,658,9.3,96.34
Chhattisgarh,2023,Dowry Deaths,9935,58432562,17.0,61.48,75.07,6.82,62149,1998,60.79,66.81,658,9.3,96.34
Chhattisgarh,2023,Acid Attack,3597,58432562,6.16,61.48,75.07,6.82,62149,1998,60.79,66.81,658,9.3,96.34
Chhattisgarh,2023,Cyber Crime,5116,58432562,8.76,61.48,75.07,6.82,62149,1998,60.79,66.81,658,9.3,96.34
Chhattisgarh,2023,Stalking,509,58432562,0.87,61.48,75.07,6.82,62149,1998,60.79,66.81,658,9.3,96.34
Assam,2018,Rape,3773,84557591,4.46,86.5,41.21,5.13,84084,1803,33.74,87.02,1183,19.1,92.36
Assam,2018,Domestic Violence,7500,84557591,8.87,86.5,41.21,5.13,84084,1803,33.74,87.02,1183,19.1,92.36
Assam,2018,Kidnapping,645,84557591,0.76,86.5,41.21,5.13,84084,1803,33.74,87.02,1183,19.1,92.36
Assam,2018,Harassment,5510,84557591,6.52,86.5,41.21,5.13,84084,1803,33.74,87.02,1183,19.1,92.36
Assam,2018,Dowry Deaths,3540,84557591,4.19,86.5,41.21,5.13,84084,1803,33.74,87.02,1183,19.1,92.36
Assam,2018,Acid Attack,982,84557591,1.16,86.5,41.21,5.13,84084,1803,33.74,87.02,1183,19.1,92.36
Assam,2018,Cyber Crime,3679,84557591,4.35,86.5,41.21,5.13,84084,1803,33.74,87.02,1183,19.1,92.36
Assam,2018,Stalking,1749,84557591,2.07,86.5,41.21,5.13,84084,1803,33.74,87.02,1183,19.1,92.36
Assam,2019,Rape,9660,86248742,11.2,71.55,52.12,4.61,118388,2666,50.35,74.6,749,19.1,92.36
Assam,2019,Domestic Violence,1600,86248742,1.86,71.55,52.12,4.61,118388,2666,50.35,74.6,749,19.1,92.36
Assam,2019,Kidnapping,7152,86248742,8.29,71.55,52.12,4.61,118388,2666,50.35,74.6,749,19.1,92.36
Assam,2019,Harassment,9132,86248742,10.59,71.55,52.12,4.61,118388,2666,50.35,74.6,749,19.1,92.36
Assam,2019,Dowry Deaths,7921,86248742,9.18,71.55,52.12,4.61,118388,2666,50.35,74.6,749,19.1,92.36
Assam,2019,Acid Attack,5516,86248742,6.4,71.55,52.12,4.61,118388,2666,50.35,74.6,749,19.1,92.36
Assam,2019,Cyber Crime,1269,86248742,1.47,71.55,52.12,4.61,118388,2666,50.35,74.6,749,19.1,92.36
Assam,2019,Stalking,1843,86248742,2.14,71.55,52.12,4.61,118388,2666,50.35,74.6,749,19.1,92.36
Assam,2020,Rape,2849,87939894,3.24,59.78,61.71,6.64,213189,2884,55.88,81.16,1098,19.1,92.36
Assam,2020,Domestic Violence,6199,87939894,7.05,59.78,61.71,6.64,213189,2884,55.88,81.16,1098,19.1,92.36
Assam,2020,Kidnapping,1741,87939894,1.98,59.78,61.71,6.64,213189,2884,55.88,81.16,1098,19.1,92.36
Assam,2020,Harassment,1625,87939894,1.85,59.78,61.71,6.64,213189,2884,55.88,81.16,1098,19.1,92.36
Assam,2020,Dowry Deaths,9882,87939894,11.24,59.78,61.71,6.64,213189,2884,55.88,81.16,1098,19.1,92.36
Assam,2020,Acid Attack,7264,87939894,8.26,59.78,61.71,6.64,213189,2884,55.88,81.16,1098,19.1,92.36
Assam,2020,Cyber Crime,5601,87939894,6.37,59.78,61.71,6.64,213189,2884,55.88,81.16,1098,19.1,92.36
Assam,2020,Stalking,8343,87939894,9.49,59.78,61.71,6.64,213189,2884,55.88,81.16,1098,19.1,92.36
Assam,2021,Rape,2975,89631046,3.32,61.72,39.4,5.04,118008,907,42.12,87.43,1055,19.1,92.36
Assam,2021,Domestic Violence,4110,89631046,4.59,61.72,39.4,5.04,118008,907,42.12,87.43,1055,19.1,92.36
Assam,2021,Kidnapping,4755,89631046,5.31,61.72,39.4,5.04,118008,907,42.12,87.43,1055,19.1,92.36
Assam,2021,Harassment,7897,89631046,8.81,61.72,39.4,5.04,118008,907,42.12,87.43,1055,19.1,92.36
Assam,2021,Dowry Deaths,2235,89631046,2.49,61.72,39.4,5.04,118008,907,42.12,87.43,1055,19.1,92.36
Assam,2021,Acid Attack,8758,89631046,9.77,61.72,39.4,5.04,118008,907,42.12,87.43,1055,19.1,92.36
Assam,2021,Cyber Crime,8479,89631046,9.46,61.72,39.4,5.04,118008,907,42.12,87.43,1055,19.1,92.36
Assam,2021,Stalking,2928,89631046,3.27,61.72,39.4,5.04,118008,907,42.12,87.43,1055,19.1,92.36
Assam,2022,Rape,1161,91322198,1.27,70.99,31.42,3.47,200273,2861,47.89,82.88,215,19.1,92.36
Assam,2022,Domestic Violence,3874,91322198,4.24,70.99,31.42,3.47,200273,2861,47.89,82.88,215,19.1,92.36
Assam,2022,Kidnapping,9708,91322198,10.63,70.99,31.42,3.47,200273,2861,47.89,82.88,215,19.1,92.36
Assam,2022,Harassment,707,91322198,0.77,70.99,31.42,3.47,200273,2861,47.89,82.88,215,19.1,92.36
Assam,2022,Dowry Deaths,3165,91322198,3.47,70.99,31.42,3.47,200273,2861,47.89,82.88,215,19.1,92.36
Assam,2022,Acid Attack,2993,91322198,3.28,70.99,31.42,3.47,200273,2861,47.89,82.88,215,19.1,92.36
Assam,2022,Cyber Crime,7313,91322198,8.01,70.99,31.42,3.47,200273,2861,47.89,82.88,215,19.1,92.36
Assam,2022,Stalking,1132,91322198,1.24,70.99,31.42,3.47,200273,2861,47.89,82.88,215,19.1,92.36
Assam,2023,Rape,7270,93013350,7.82,83.76,20.07,5.71,201175,2762,66.36,60.56,447,19.1,92.36
Assam,2023,Domestic Violence,6599,93013350,7.09,83.76,20.07,5.71,201175,2762,66.36,60.56,447,19.1,92.36
Assam,2023,Kidnapping,9055,93013350,9.74,83.76,20.07,5.71,201175,2762,66.36,60.56,447,19.1,92.36
Assam,2023,Harassment,2868,93013350,3.08,83.76,20.07,5.71,201175,2762,66.36,60.56,447,19.1,92.36
Assam,2023,Dowry Deaths,785,93013350,0.84,83.76,20.07,5.71,201175,2762,66.36,60.56,447,19.1,92.36
Assam,2023,Acid Attack,648,93013350,0.7,83.76,20.07,5.71,201175,2762,66.36,60.56,447,19.1,92.36
Assam,2023,Cyber Crime,4537,93013350,4.88,83.76,20.07,5.71,201175,2762,66.36,60.56,447,19.1,92.36
Assam,2023,Stalking,7049,93013350,7.58,83.76,20.07,5.71,201175,2762,66.36,60.56,447,19.1,92.36
Uttarakhand,2018,Rape,840,33570055,2.5,83.91,66.92,9.38,168413,680,31.37,65.38,460,28.39,71.7
Uttarakhand,2018,Domestic Violence,3317,33570055,9.88,83.91,66.92,9.38,168413,680,31.37,65.38,460,28.39,71.7
Uttarakhand,2018,Kidnapping,2996,33570055,8.92,83.91,66.92,9.38,168413,680,31.37,65.38,460,28.39,71.7
Uttarakhand,2018,Harassment,6462,33570055,19.25,83.91,66.92,9.38,168413,680,31.37,65.38,460,28.39,71.7
Uttarakhand,2018,Dowry Deaths,5799,33570055,17.27,83.91,66.92,9.38,168413,680,31.37,65.38,460,28.39,71.7
Uttarakhand,2018,Acid Attack,8074,33570055,24.05,83.91,66.92,9.38,168413,680,31.37,65.38,460,28.39,71.7
Uttarakhand,2018,Cyber Crime,2189,33570055,6.52,83.91,66.92,9.38,168413,680,31.37,65.38,460,28.39,71.7
Uttarakhand,2018,Stalking,3767,33570055,11.22,83.91,66.92,9.38,168413,680,31.37,65.38,460,28.39,71.7
Uttarakhand,2019,Rape,1060,34241456,3.1,85.57,29.71,10.08,60382,541,48.33,67.6,111,28.39,71.7
Uttarakhand,2019,Domestic Violence,9285,34241456,27.12,85.57,29.71,10.08,60382,541,48.33,67.6,111,28.39,71.7
Uttarakhand,2019,Kidnapping,6048,34241456,17.66,85.57,29.71,10.08,60382,541,48.33,67.6,111,28.39,71.7
Uttarakhand,2019,Harassment,2326,34241456,6.79,85.57,29.71,10.08,60382,541,48.33,67.6,111,28.39,71.7
Uttarakhand,2019,Dowry Deaths,8129,34241456,23.74,85.57,29.71,10.08,60382,541,48.33,67.6,111,28.39,71.7
Uttarakhand,2019,Acid Attack,8825,34241456,25.77,85.57,29.71,10.08,60382,541,48.33,67.6,111,28.39,71.7
Uttarakhand,2019,Cyber Crime,3638,34241456,10.62,85.57,29.71,10.08,60382,541,48.33,67.6,111,28.39,71.7
Uttarakhand,2019,Stalking,8193,34241456,23.93,85.57,29.71,10.08,60382,541,48.33,67.6,111,28.39,71.7
Uttarakhand,2020,Rape,4759,34912857,13.63,57.83,44.18,4.56,70609,2011,48.65,91.97,892,28.39,71.7
Uttarakhand,2020,Domestic Violence,8786,34912857,25.17,57.83,44.18,4.56,70609,2011,48.65,91.97,892,28.39,71.7
Uttarakhand,2020,Kidnapping,6401,34912857,18.33,57.83,44.18,4.56,70609,2011,48.65,91.97,892,28.39,71.7
Uttarakhand,2020,Harassment,9825,34912857,28.14,57.83,44.18,4.56,70609,2011,48.65,91.97,892,28.39,71.7
Uttarakhand,2020,Dowry Deaths,5417,34912857,15.52,57.83,44.18,4.56,70609,2011,48.65,91.97,892,28.39,71.7
Uttarakhand,2020,Acid Attack,8929,34912857,25.58,57.83,44.18,4.56,70609,2011,48.65,91.97,892,28.39,71.7
Uttarakhand,2020,Cyber Crime,3030,34912857,8.68,57.83,44.18,4.56,70609,2011,48.65,91.97,892,28.39,71.7
Uttarakhand,2020,Stalking,2460,34912857,7.05,57.83,44.18,4.56,70609,2011,48.65,91.97,892,28.39,71.7
Uttarakhand,2021,Rape,8467,35584258,23.79,83.88,59.98,4.1,151268,1163,26.76,93.34,1135,28.39,71.7
Uttarakhand,2021,Domestic Violence,9234,35584258,25.95,83.88,59.98,4.1,151268,1163,26.76,93.34,1135,28.39,71.7
Uttarakhand,2021,Kidnapping,1345,35584258,3.78,83.88,59.98,4.1,151268,1163,26.76,93.34,1135,28.39,71.7
Uttarakhand,2021,Harassment,6277,35584258,17.64,83.88,59.98,4.1,151268,1163,26.76,93.34,1135,28.39,71.7
Uttarakhand,2021,Dowry Deaths,3536,35584258,9.94,83.88,59.98,4.1,151268,1163,26.76,93.34,1135,28.39,71.7
Uttarakhand,2021,Acid Attack,6447,35584258,18.12,83.88,59.98,4.1,151268,1163,26.76,93.34,1135,28.39,71.7
Uttarakhand,2021,Cyber Crime,2994,35584258,8.41,83.88,59.98,4.1,151268,1163,26.76,93.34,1135,28.39,71.7
Uttarakhand,2021,Stalking,3219,35584258,9.05,83.88,59.98,4.1,151268,1163,26.76,93.34,1135,28.39,71.7
Uttarakhand,2022,Rape,6988,36255659,19.27,62.56,57.18,8.85,253218,2534,23.07,85.13,877,28.39,71.7
Uttarakhand,2022,Domestic Violence,5237,36255659,14.44,62.56,57.18,8.85,253218,2534,23.07,85.13,877,28.39,71.7
Uttarakhand,2022,Kidnapping,7025,36255659,19.38,62.56,57.18,8.85,253218,2534,23.07,85.13,877,28.39,71.7
Uttarakhand,2022,Harassment,4350,36255659,12.0,62.56,57.18,8.85,253218,2534,23.07,85.13,877,28.39,71.7
Uttarakhand,2022,Dowry Deaths,1189,36255659,3.28,62.56,57.18,8.85,253218,2534,23.07,85.13,877,28.39,71.7
Uttarakhand,2022,Acid Attack,5675,36255659,15.65,62.56,57.18,8.85,253218,2534,23.07,85.13,877,28.39,71.7
Uttarakhand,2022,Cyber Crime,9148,36255659,25.23,62.56,57.18,8.85,253218,2534,23.07,85.13,877,28.39,71.7
Uttarakhand,2022,Stalking,5578,36255659,15.39,62.56,57.18,8.85,253218,2534,23.07,85.13,877,28.39,71.7
Uttarakhand,2023,Rape,2138,36927060,5.79,63.37,28.53,4.09,275469,1082,28.89,81.12,708,28.39,71.7
Uttarakhand,2023,Domestic Violence,6171,36927060,16.71,63.37,28.53,4.09,275469,1082,28.89,81.12,708,28.39,71.7
Uttarakhand,2023,Kidnapping,7428,36927060,20.12,63.37,28.53,4.09,275469,1082,28.89,81.12,708,28.39,71.7
Uttarakhand,2023,Harassment,1882,36927060,5.1,63.37,28.53,4.09,275469,1082,28.89,81.12,708,28.39,71.7
Uttarakhand,2023,Dowry Deaths,1903,36927060,5.15,63.37,28.53,4.09,275469,1082,28.89,81.12,708,28.39,71.7
Uttarakhand,2023,Acid Attack,9511,36927060,25.76,63.37,28.53,4.09,275469,1082,28.89,81.12,708,28.39,71.7
Uttarakhand,2023,Cyber Crime,3792,36927060,10.27,63.37,28.53,4.09,275469,1082,28.89,81.12,708,28.39,71.7
Uttarakhand,2023,Stalking,9511,36927060,25.76,63.37,28.53,4.09,275469,1082,28.89,81.12,708,28.39,71.7
Himachal Pradesh,2018,Rape,4216,23321829,18.08,86.03,46.99,4.75,146774,2402,40.71,87.24,697,19.5,71.79
Himachal Pradesh,2018,Domestic Violence,4981,23321829,21.36,86.03,46.99,4.75,146774,2402,40.71,87.24,697,19.5,71.79
Himachal Pradesh,2018,Kidnapping,8398,23321829,36.01,86.03,46.99,4.75,146774,2402,40.71,87.24,697,19.5,71.79
Himachal Pradesh,2018,Harassment,7048,23321829,30.22,86.03,46.99,4.75,146774,2402,40.71,87.24,697,19.5,71.79
Himachal Pradesh,2018,Dowry Deaths,2793,23321829,11.98,86.03,46.99,4.75,146774,2402,40.71,87.24,697,19.5,71.79
Himachal Pradesh,2018,Acid Attack,5337,23321829,22.88,86.03,46.99,4.75,146774,2402,40.71,87.24,697,19.5,71.79
Himachal Pradesh,2018,Cyber Crime,8258,23321829,35.41,86.03,46.99,4.75,146774,2402,40.71,87.24,697,19.5,71.79
Himachal Pradesh,2018,Stalking,7293,23321829,31.27,86.03,46.99,4.75,146774,2402,40.71,87.24,697,19.5,71.79
Himachal Pradesh,2019,Rape,4768,23788265,20.04,78.83,31.38,8.57,110428,2460,61.72,78.32,437,19.5,71.79
Himachal Pradesh,2019,Domestic Violence,1171,23788265,4.92,78.83,31.38,8.57,110428,2460,61.72,78.32,437,19.5,71.79
Himachal Pradesh,2019,Kidnapping,663,23788265,2.79,78.83,31.38,8.57,110428,2460,61.72,78.32,437,19.5,71.79
Himachal Pradesh,2019,Harassment,9156,23788265,38.49,78.83,31.38,8.57,110428,2460,61.72,78.32,437,19.5,71.79
Himachal Pradesh,2019,Dowry Deaths,5092,23788265,21.41,78.83,31.38,8.57,110428,2460,61.72,78.32,437,19.5,71.79
Himachal Pradesh,2019,Acid Attack,5295,23788265,22.26,78.83,31.38,8.57,110428,2460,61.72,78.32,437,19.5,71.79
Himachal Pradesh,2019,Cyber Crime,5298,23788265,22.27,78.83,31.38,8.57,110428,2460,61.72,78.32,437,19.5,71.79
Himachal Pradesh,2019,Stalking,6536,23788265,27.48,78.83,31.38,8.57,110428,2460,61.72,78.32,437,19.5,71.79
Himachal Pradesh,2020,Rape,7894,24254702,32.55,84.55,25.88,7.39,154131,745,36.23,83.18,843,19.5,71.79
Himachal Pradesh,2020,Domestic Violence,3993,24254702,16.46,84.55,25.88,7.39,154131,745,36.23,83.18,843,19.5,71.79
Himachal Pradesh,2020,Kidnapping,6664,24254702,27.48,84.55,25.88,7.39,154131,745,36.23,83.18,843,19.5,71.79
Himachal Pradesh,2020,Harassment,3172,24254702,13.08,84.55,25.88,7.39,154131,745,36.23,83.18,843,19.5,71.79
Himachal Pradesh,2020,Dowry Deaths,4700,24254702,19.38,84.55,25.88,7.39,154131,745,36.23,83.18,843,19.5,71.79
Himachal Pradesh,2020,Acid Attack,516,24254702,2.13,84.55,25.88,7.39,154131,745,36.23,83.18,843,19.5,71.79
Himachal Pradesh,2020,Cyber Crime,3691,24254702,15.22,84.55,25.88,7.39,154131,745,36.23,83.18,843,19.5,71.79
Himachal Pradesh,2020,Stalking,892,24254702,3.68,84.55,25.88,7.39,154131,745,36.23,83.18,843,19.5,71.79
Himachal Pradesh,2021,Rape,7951,24721138,32.16,88.0,68.53,3.69,92080,441,21.92,90.58,888,19.5,71.79
Himachal Pradesh,2021,Domestic Violence,9406,24721138,38.05,88.0,68.53,3.69,92080,441,21.92,90.58,888,19.5,71.79
Himachal Pradesh,2021,Kidnapping,1275,24721138,5.16,88.0,68.53,3.69,92080,441,21.92,90.58,888,19.5,71.79
Himachal Pradesh,2021,Harassment,7369,24721138,29.81,88.0,68.53,3.69,92080,441,21.92,90.58,888,19.5,71.79
Himachal Pradesh,2021,Dowry Deaths,2747,24721138,11.11,88.0,68.53,3.69,92080,441,21.92,90.58,888,19.5,71.79
Himachal Pradesh,2021,Acid Attack,7588,24721138,30.69,88.0,68.53,3.69,92080,441,21.92,90.58,888,19.5,71.79
Himachal Pradesh,2021,Cyber Crime,578,24721138,2.34,88.0,68.53,3.69,92080,441,21.92,90.58,888,19.5,71.79
Himachal Pradesh,2021,Stalking,8580,24721138,34.71,88.0,68.53,3.69,92080,441,21.92,90.58,888,19.5,71.79
Himachal Pradesh,2022,Rape,3956,25187575,15.71,57.33,51.1,4.35,80111,2696,42.16,52.15,186,19.5,71.79
Himachal Pradesh,2022,Domestic Violence,8288,25187575,32.91,57.33,51.1,4.35,80111,2696,42.16,52.15,186,19.5,71.79
Himachal Pradesh,2022,Kidnapping,9099,25187575,36.12,57.33,51.1,4.35,80111,2696,42.16,52.15,186,19.5,71.79
Himachal Pradesh,2022,Harassment,8150,25187575,32.36,57.33,51.1,4.35,80111,2696,42.16,52.15,186,19.5,71.79
Himachal Pradesh,2022,Dowry Deaths,3211,25187575,12.75,57.33,51.1,4.35,80111,2696,42.16,52.15,186,19.5,71.79
Himachal Pradesh,2022,Acid Attack,2168,25187575,8.61,57.33,51.1,4.35,80111,2696,42.16,52.15,186,19.5,71.79
Himachal Pradesh,2022,Cyber Crime,647,25187575,2.57,57.33,51.1,4.35,80111,2696,42.16,52.15,186,19.5,71.79
Himachal Pradesh,2022,Stalking,6920,25187575,27.47,57.33,51.1,4.35,80111,2696,42.16,52.15,186,19.5,71.79
Himachal Pradesh,2023,Rape,9464,25654011,36.89,68.57,47.72,11.92,251139,598,67.12,85.27,662,19.5,71.79
Himachal Pradesh,2023,Domestic Violence,6993,25654011,27.26,68.57,47.72,11.92,251139,598,67.12,85.27,662,19.5,71.79
Himachal Pradesh,2023,Kidnapping,5939,25654011,23.15,68.57,47.72,11.92,251139,598,67.12,85.27,662,19.5,71.79
Himachal Pradesh,2023,Harassment,7011,25654011,27.33,68.57,47.72,11.92,251139,598,67.12,85.27,662,19.5,71.79
Himachal Pradesh,2023,Dowry Deaths,8004,25654011,31.2,68.57,47.72,11.92,251139,598,67.12,85.27,662,19.5,71.79
Himachal Pradesh,2023,Acid Attack,1746,25654011,6.81,68.57,47.72,11.92,251139,598,67.12,85.27,662,19.5,71.79
Himachal Pradesh,2023,Cyber Crime,4339,25654011,16.91,68.57,47.72,11.92,251139,598,67.12,85.27,662,19.5,71.79
Himachal Pradesh,2023,Stalking,9051,25654011,35.28,68.57,47.72,11.92,251139,598,67.12,85.27,662,19.5,71.79
Goa,2018,Rape,2696,36099208,7.47,59.25,56.9,9.97,240632,416,46.52,51.89,469,18.31,73.96
Goa,2018,Domestic Violence,4247,36099208,11.76,59.25,56.9,9.97,240632,416,46.52,51.89,469,18.31,73.96
Goa,2018,Kidnapping,9343,36099208,25.88,59.25,56.9,9.97,240632,416,46.52,51.89,469,18.31,73.96
Goa,2018,Harassment,6478,36099208,17.94,59.25,56.9,9.97,240632,416,46.52,51.89,469,18.31,73.96
Goa,2018,Dowry Deaths,6107,36099208,16.92,59.25,56.9,9.97,240632,416,46.52,51.89,469,18.31,73.96
Goa,2018,Acid Attack,1269,36099208,3.52,59.25,56.9,9.97,240632,416,46.52,51.89,469,18.31,73.96
Goa,2018,Cyber Crime,1280,36099208,3.55,59.25,56.9,9.97,240632,416,46.52,51.89,469,18.31,73.96
Goa,2018,Stalking,6803,36099208,18.85,59.25,56.9,9.97,240632,416,46.52,51.89,469,18.31,73.96
Goa,2019,Rape,6284,36821192,17.07,81.18,68.71,8.91,238938,721,36.91,91.76,282,18.31,73.96
Goa,2019,Domestic Violence,5083,36821192,13.8,81.18,68.71,8.91,238938,721,36.91,91.76,282,18.31,73.96
Goa,2019,Kidnapping,6446,36821192,17.51,81.18,68.71,8.91,238938,721,36.91,91.76,282,18.31,73.96
Goa,2019,Harassment,5441,36821192,14.78,81.18,68.71,8.91,238938,721,36.91,91.76,282,18.31,73.96
Goa,2019,Dowry Deaths,6767,36821192,18.38,81.18,68.71,8.91,238938,721,36.91,91.76,282,18.31,73.96
Goa,2019,Acid Attack,7628,36821192,20.72,81.18,68.71,8.91,238938,721,36.91,91.76,282,18.31,73.96
Goa,2019,Cyber Crime,2961,36821192,8.04,81.18,68.71,8.91,238938,721,36.91,91.76,282,18.31,73.96
Goa,2019,Stalking,1185,36821192,3.22,81.18,68.71,8.91,238938,721,36.91,91.76,282,18.31,73.96
Goa,2020,Rape,7665,37543176,20.42,55.45,79.54,9.04,170029,238,62.33,91.35,248,18.31,73.96
Goa,2020,Domestic Violence,801,37543176,2.13,55.45,79.54,9.04,170029,238,62.33,91.35,248,18.31,73.96
Goa,2020,Kidnapping,8027,37543176,21.38,55.45,79.54,9.04,170029,238,62.33,91.35,248,18.31,73.96
Goa,2020,Harassment,6881,37543176,18.33,55.45,79.54,9.04,170029,238,62.33,91.35,248,18.31,73.96
Goa,2020,Dowry Deaths,1146,37543176,3.05,55.45,79.54,9.04,170029,238,62.33,91.35,248,18.31,73.96
Goa,2020,Acid Attack,9289,37543176,24.74,55.45,79.54,9.04,170029,238,62.33,91.35,248,18.31,73.96
Goa,2020,Cyber Crime,9353,37543176,24.91,55.45,79.54,9.04,170029,238,62.33,91.35,248,18.31,73.96
Goa,2020,Stalking,4830,37543176,12.87,55.45,79.54,9.04,170029,238,62.33,91.35,248,18.31,73.96
Goa,2021,Rape,9152,38265160,23.92,64.43,52.37,9.55,194129,2788,54.26,54.13,187,18.31,73.96
Goa,2021,Domestic Violence,4254,38265160,11.12,64.43,52.37,9.55,194129,2788,54.26,54.13,187,18.31,73.96
Goa,2021,Kidnapping,2224,38265160,5.81,64.43,52.37,9.55,194129,2788,54.26,54.13,187,18.31,73.96
Goa,2021,Harassment,1876,38265160,4.9,64.43,52.37,9.55,194129,2788,54.26,54.13,187,18.31,73.96
Goa,2021,Dowry Deaths,9206,38265160,24.06,64.43,52.37,9.55,194129,2788,54.26,54.13,187,18.31,73.96
Goa,2021,Acid Attack,9394,38265160,24.55,64.43,52.37,9.55,194129,2788,54.26,54.13,187,18.31,73.96
Goa,2021,Cyber Crime,2153,38265160,5.63,64.43,52.37,9.55,194129,2788,54.26,54.13,187,18.31,73.96
Goa,2021,Stalking,2566,38265160,6.71,64.43,52.37,9.55,194129,2788,54.26,54.13,187,18.31,73.96
Goa,2022,Rape,6495,38987144,16.66,60.3,25.63,8.19,59496,1334,28.04,75.11,228,18.31,73.96
Goa,2022,Domestic Violence,9976,38987144,25.59,60.3,25.63,8.19,59496,1334,28.04,75.11,228,18.31,73.96
Goa,2022,Kidnapping,1014,38987144,2.6,60.3,25.63,8.19,59496,1334,28.04,75.11,228,18.31,73.96
Goa,2022,Harassment,948,38987144,2.43,60.3,25.63,8.19,59496,1334,28.04,75.11,228,18.31,73.96
Goa,2022,Dowry Deaths,6519,38987144,16.72,60.3,25.63,8.19,59496,1334,28.04,75.11,228,18.31,73.96
Goa,2022,Acid Attack,5843,38987144,14.99,60.3,25.63,8.19,59496,1334,28.04,75.11,228,18.31,73.96
Goa,2022,Cyber Crime,8533,38987144,21.89,60.3,25.63,8.19,59496,1334,28.04,75.11,228,18.31,73.96
Goa,2022,Stalking,3020,38987144,7.75,60.3,25.63,8.19,59496,1334,28.04,75.11,228,18.31,73.96
Goa,2023,Rape,3149,39709128,7.93,74.43,63.98,8.54,206570,2359,59.19,74.94,697,18.31,73.96
Goa,2023,Domestic Violence,9005,39709128,22.68,74.43,63.98,8.54,206570,2359,59.19,74.94,697,18.31,73.96
Goa,2023,Kidnapping,3583,39709128,9.02,74.43,63.98,8.54,206570,2359,59.19,74.94,697,18.31,73.96
Goa,2023,Harassment,1537,39709128,3.87,74.43,63.98,8.54,206570,2359,59.19,74.94,697,18.31,73.96
Goa,2023,Dowry Deaths,3989,39709128,10.05,74.43,63.98,8.54,206570,2359,59.19,74.94,697,18.31,73.96
Goa,2023,Acid Attack,8104,39709128,20.41,74.43,63.98,8.54,206570,2359,59.19,74.94,697,18.31,73.96
Goa,2023,Cyber Crime,8044,39709128,20.26,74.43,63.98,8.54,206570,2359,59.19,74.94,697,18.31,73.96
Goa,2023,Stalking,3134,39709128,7.89,74.43,63.98,8.54,206570,2359,59.19,74.94,697,18.31,73.96
